Workbook
Name distance_to_customer: #REF!
Name distance_to_customer: #REF!
Name heat_pump_factor: 'Materials and energy'!$B$64
Name lifetime: #REF!
Name lifetime: #REF!
Name lifetime: #REF!
Name lifetime_concrete: 'Materials and energy'!$B$25
Name lifetime_SICUT: 'Materials and energy'!$B$27
Name lifetime_wood: 'Materials and energy'!$B$26
Name list_electricity: #REF!
Name list_electricity: #REF!
Name list_electricity: #REF!
Name list_electricity: #REF!
Name milling_electricity: #REF!
Name milling_electricity: #REF!

Sheet Overview
A1: Overview
B45: Holzschwelle | C45: Holzschwelle | D45: Holzschwelle | E45: =RP_wood!O3 -> wo_04 | F45: =RP_wood!R3 -> wo_05 | G45: =RP_wood!U3 -> wo_06 | H45: Betonschwelle | I45: Betonschwelle | J45: =RP_concrete!L3 -> co_03 | K45: =RP_concrete!O3 -> co_04 | L45: =RP_concrete!R3 -> co_05 | M45: SICUT | N45: SICUT | O45: SICUT | P45: SICUT | Q45: SICUT
B46: Basis Szenario, 25 Jahre Nutzung | C46: Szenario Hohen Sägeverluste, 25 Jahre Nutzung | D46: Optimiertes Szenario, 25 Jahre Nutzung | E46: =RP_wood!O4 -> Charles idea | H46: Basis Senario, 40 Jahre Nutzung | I46: Optimiertes Szenario, 40 Jahre Nutzung | M46: Basis Szenario, 20 Jahre Nutzung | N46: Optimiertes Szenario, 20 Jahre Nutzung | O46: Optimiertes Szenario, 30 Jahre Nutzung | P46: Optimiertes Szenario, 40 Jahre Nutzung | Q46: Basis Szenario, 40 Jahre Nutzung
A47: Hauptmaterial 1 | B47: =RP_wood!G10 -> 9.8466667e-13 | C47: =RP_wood!J10 -> 1.19e-12 | D47: =RP_wood!M10 -> 9.8466667e-13 | E47: =RP_wood!P10 -> 1.0266667e-12 | H47: =RP_concrete!G10 -> 2.5957925e-12 | I47: =RP_concrete!J10 -> 2.1121044e-12 | M47: =RP_SICUT!G10 -> 9.2134869e-12 | N47: =RP_SICUT!J10 -> 1.0034491e-12 | O47: =RP_SICUT!M10 -> 6.6896604e-13 | P47: =RP_SICUT!P10 -> 5.0172453e-13 | Q47: =RP_SICUT!S10 -> 4.6067434e-12
A48: Hauptmaterial 2 | H48: =RP_concrete!G11 -> 1.5601221e-14 | I48: =RP_concrete!J11 -> 2.7980451e-15
A49: Bewehrung | H49: =RP_concrete!G12 -> 3.5753622e-13 | I49: =RP_concrete!J12 -> 9.5150769e-14 | N49: =RP_SICUT!J11 -> 4.7791108e-13 | O49: =RP_SICUT!M11 -> 3.1860739e-13 | P49: =RP_SICUT!P11 -> 2.3895554e-13 | Q49: =RP_SICUT!S11 -> 1.3224389e-12
A50: Form | B50: =RP_wood!G11 -> 2.0298831e-13 | C50: =RP_wood!J11 -> 2.0298831e-13 | D50: =RP_wood!M11 -> 2.0298831e-13 | E50: =RP_wood!P11 -> 2.0298831e-12 | H50: =RP_concrete!G13 -> 1.1388866e-12 | I50: =RP_concrete!J13 -> 1.0871191e-12 | M50: =RP_SICUT!G11 -> 2.6448778e-12
A51: Chemikalien | B51: =RP_wood!G12 -> 2.1389086e-12 | C51: =RP_wood!J12 -> 2.1389086e-12 | D51: =RP_wood!M12 -> 2.1389086e-12 | E51: =RP_wood!P12 -> 2.1389086e-12
A52: Elektrizität | B52: =RP_wood!G13 -> 3.4746135e-12 | C52: =RP_wood!J13 -> 3.5034228e-12 | D52: =RP_wood!M13 -> 3.0957622e-12 | E52: =RP_wood!P13 -> 1.7848695e-11 | H52: =RP_concrete!G14 -> 8.835725e-13 | I52: =RP_concrete!J14 -> 8.835725e-13 | M52: =RP_SICUT!G12 -> 2.4050663e-12 | N52: =RP_SICUT!J12 -> 2.4050663e-12 | O52: =RP_SICUT!M12 -> 1.6033776e-12 | P52: =RP_SICUT!P12 -> 1.2025332e-12 | Q52: =RP_SICUT!S12 -> 1.2025332e-12
A53: Wärme | B53: =RP_wood!G14 -> 1.2374461e-14 | C53: =RP_wood!J14 -> 1.2374461e-14 | D53: =RP_wood!M14 -> 3.15e-16 | E53: =RP_wood!P14 -> 1.5971434e-14 | H53: =RP_concrete!G15 -> 0 | I53: =RP_concrete!J15 -> 0 | M53: =RP_SICUT!G13 -> 1.5468077e-13 | N53: =RP_SICUT!J13 -> 1.5468077e-13 | O53: =RP_SICUT!M13 -> 1.0312051e-13 | P53: =RP_SICUT!P13 -> 7.7340384e-14 | Q53: =RP_SICUT!S13 -> 7.7340384e-14
A54: Landtransport | B54: =RP_wood!G15 -> 4.5695933e-14 | C54: =RP_wood!J15 -> 4.5695933e-14 | D54: =RP_wood!M15 -> 2.9289205e-14 | E54: =RP_wood!P15 -> 2.1225265e-12 | H54: =RP_concrete!G16 -> 2.4779963e-14 | I54: =RP_concrete!J16 -> 2.4779963e-14 | M54: =RP_SICUT!G14 -> 5.7119916e-14 | N54: =RP_SICUT!J14 -> 5.7119916e-14 | O54: =RP_SICUT!M14 -> 3.8079944e-14 | P54: =RP_SICUT!P14 -> 2.8559958e-14 | Q54: =RP_SICUT!S14 -> 2.8559958e-14
A55: Auslandtransport | B55: =RP_wood!G16 -> 0 | C55: =RP_wood!J16 -> 0 | D55: =RP_wood!M16 -> 0 | E55: =RP_wood!P16 -> 0 | H55: =RP_concrete!G17 -> 0 | I55: =RP_concrete!J17 -> 0 | M55: =RP_SICUT!G15 -> 0 | N55: =RP_SICUT!J15 -> 0 | O55: =RP_SICUT!M15 -> 0 | P55: =RP_SICUT!P15 -> 0 | Q55: =RP_SICUT!S15 -> 0
A56: ressource pressure | B56: =RP_wood!G17 -> 6.8592474e-12 | C56: =RP_wood!J17 -> 7.0933901e-12 | D56: =RP_wood!M17 -> 6.45193e-12 | E56: =RP_wood!P17 -> 2.5182651e-11 | H56: =RP_concrete!G18 -> 5.016169e-12 | I56: =RP_concrete!J18 -> 4.2055248e-12 | M56: =RP_SICUT!G16 -> 1.4475232e-11 | N56: =RP_SICUT!J16 -> 4.0982272e-12 | O56: =RP_SICUT!M16 -> 2.7321514e-12 | P56: =RP_SICUT!P16 -> 2.0491136e-12 | Q56: =RP_SICUT!S16 -> 7.2376158e-12
A63: Category explanation
B66: wood | C66: concrete | D66: SICUT
A67: bulk material 1 | B67: beech or oak | C67: cement | D67: PET
A68: bulk material 2 | B68: - | C68: gravel | D68: -
A69: reinforcement | B69: - | C69: reinforcing bars | D69: glass fibers
A70: form | B70: ribbed plate | C70: sleeper sole | D70: -
A71: chemicals | B71: creosote | C71: - | D71: -

Sheet Materials and energy
A1: Materials and energy
G3: Impact of increased secondary material use. | Q3: Impact of increased recycling and cascading.
G4: primary material content | I4: manufacturing losses | M4: electricity required [kWh/kg] | O4: heat required [kWh/kg] | Q4: EoL products
A5: Material characteristics | E5: per sleeper [kg] | G5: basic | H5: green | I5: uniformal | M5: uniformal | O5: uniformal | Q5: basic | R5: green | S5: basic | T5: green | U5: basic | V5: green
A6: material | B6: sleeper type | C6: ERP identifier | D6: use | E6: mass | F6: remarks | G6: basic_primary material content | H6: green_primary material content | I6: manufacturing losses | J6: collection rate | K6: recycling rate | L6: cascading rate | M6: electricity to manufacture product | N6: electricity to recycle/cascade product | O6: heat to manufacture product | P6: heat to recycle/cascade product | Q6: basic_collection rate | R6: green_collection rate | S6: basic_recycling rate | T6: green_recycling rate | U6: basic_cascading rate | V6: green_cascading rate
A7: cement unspecified | B7: concrete | C7: cement unspecified | D7: bulk material | E7: 170 | G7: 1 | H7: 1 | I7: 0.1 | J7: 1 | K7: 0 | L7: 0.9 | M7: 0.1 | N7: 0.1 | O7: 0 | P7: 0 | Q7: 1 | R7: 1 | S7: 0 | T7: 0 | U7: 0.5 | V7: 0.8
A8: water | B8: concrete | C8: water | D8: bulk material | E8: 20 | F8: neglected | G8: 0 | H8: 0 | I8: 0 | J8: 0 | K8: 0 | L8: 0 | M8: 0 | N8: 0 | O8: 0 | P8: 0 | Q8: 0 | R8: 0 | S8: 0 | T8: 0 | U8: 0 | V8: 0
A9: gravel | B9: concrete | C9: gravel | D9: bulk material | E9: 100 | G9: 1 | H9: 0.5 | I9: 0.1 | J9: 1 | K9: 0.9 | L9: 0 | M9: 0.1 | N9: 0.1 | O9: 0 | P9: 0 | Q9: 1 | R9: 1 | S9: 0.5 | T9: 0.8 | U9: 0.1 | V9: 0.15
A10: steel alloyed | B10: concrete | C10: steel alloyed | D10: reinforcement | E10: 0 | F10: combined with steel unalloyed; Vorspannlitzen, Befestigungen | G10: 0 | H10: 0 | I10: 0 | J10: 0 | K10: 0 | L10: 0 | M10: 0 | N10: 0 | O10: 0 | P10: 0 | Q10: 0 | R10: 0 | S10: 0 | T10: 0 | U10: 0 | V10: 0
A11: low-alloyed steel | B11: concrete | C11: low-alloyed steel | D11: reinforcement | E11: 20 | F11: Spanneisen | G11: 1 | H11: 0.5 | I11: 0.1 | J11: 1 | K11: 0.9 | L11: 0 | M11: 1 | N11: 2 | O11: 0 | P11: 0 | Q11: 1 | R11: 1 | S11: 0.7 | T11: 0.9 | U11: 0 | V11: 0
A12: PA-GF30 | B12: concrete | C12: PA-GF30 | D12: form | E12: 0.32 | F12: neglected | G12: 0 | H12: 0 | I12: 0 | J12: 0 | K12: 0 | L12: 0 | M12: 0 | N12: 0 | O12: 0 | P12: 0 | Q12: 0 | R12: 0 | S12: 0 | T12: 0 | U12: 0 | V12: 0
A13: PUR | B13: concrete | C13: PUR | D13: form | E13: 5 | F13: Besohlung; Bei Getzner als Sylomer®; beschrieben durch SLB 7000 FT | G13: 1 | H13: 1 | I13: 0.2 | J13: 1 | K13: 0 | L13: 0.5 | M13: 1 | N13: 1 | O13: 0 | P13: 0 | Q13: 1 | R13: 1 | S13: 0 | T13: 0 | U13: 0.1 | V13: 0.2
A14: concrete additives | B14: concrete | C14: concrete additives | D14: chemicals | E14: 0.5 | F14: neglected | G14: 0 | H14: 0 | I14: 0 | J14: 0 | K14: 0 | L14: 0 | M14: 0 | N14: 0 | O14: 0 | P14: 0 | Q14: 0 | R14: 0 | S14: 0 | T14: 0 | U14: 0 | V14: 0
A15: hardwood | B15: wood | C15: hardwood | D15: bulk material | E15: 70 | F15: Entweder Buche oder Eiche | G15: 1 | H15: 1 | I15: 0.1 | J15: 1 | K15: 0 | L15: 0.9 | M15: 0 | N15: 0.1 | O15: 0 | P15: 0 | Q15: 1 | R15: 1 | S15: 0 | T15: 0 | U15: 0 | V15: 0
A16: oak | B16: wood | C16: oak | D16: bulk material | E16: 70 | F16: Entweder Buche oder Eiche | G16: 1 | H16: 1 | I16: 0.1 | J16: 1 | K16: 0 | L16: 0.9 | M16: 0 | N16: 0.1 | O16: 0 | P16: 0 | Q16: 1 | R16: 1 | S16: 0 | T16: 0 | U16: 0 | V16: 0
A17: low-alloyed steel | B17: wood | C17: low-alloyed steel | D17: form | E17: 12 | F17: Rippenplatte, Befestigungen | G17: 1 | H17: 0.5 | I17: 0.1 | J17: 1 | K17: 0.9 | L17: 0 | M17: 1 | N17: 2 | O17: 0 | P17: 0 | Q17: 1 | R17: 1 | S17: 0.7 | T17: 0.9 | U17: 0 | V17: 0
A18: carbolineum | B18: wood | C18: carbolineum | D18: chemicals | E18: 12 | F18: Teeröl; ca.75-90 % Polycyclische aromatische Kohlenwasserstoffe und 5-17 % Xylenole und Naphthole und diverses | G18: 1 | H18: 1 | I18: 0.1 | J18: 1 | K18: 0 | L18: 0 | M18: 20 | N18: 0 | O18: 1 | P18: 0 | Q18: 0.5 | R18: 0.5 | S18: 0 | T18: 0 | U18: 0 | V18: 0
A19: PET | B19: SICUT | C19: PET | D19: bulk material | E19: 65 | F19: Recycleter PET | G19: 0 | H19: 0 | I19: 0.1 | J19: 1 | K19: 0.9 | L19: 0 | M19: 1 | N19: 1 | O19: 0 | P19: 0 | Q19: 1 | R19: 1 | S19: 0 | T19: 0.5 | U19: 0 | V19: 0.4
A20: glass fibre | B20: SICUT | C20: glass fibre | D20: bulk material | E20: 20 | F20: nicht subkutan brechend | G20: 1 | H20: 0.5 | I20: 0.1 | J20: 1 | K20: 0.9 | L20: 0 | M20: 1 | N20: 1 | O20: 3 | P20: 3 | Q20: 1 | R20: 1 | S20: 0 | T20: 0.5 | U20: 0 | V20: 0.4
A23: Sleeper characteristics | C23: [km]
A24: sleeper type | B24: lifetime [a] | C24: manufacturing transport | D24: installation transport | E24: disposal transport | F24: railway gravel thickness [m]
A25: concrete | B25: 40 | D25: 150 | F25: 0.35
A26: wood | B26: 25 | D26: 500 | F26: 0.25
A27: SICUT | B27: 20 | D27: 600
C30: electricity mix
A31: electricity source | B31: ERP identifier | C31: basic | D31: green
A32: electricity, coal | B32: el, coal | C32: 0 | D32: 0
A33: electricity, oil | B33: el, oil | C33: 0 | D33: 0
A34: electricity, gas | B34: el, gas | C34: 0.019 | D34: 0
A35: electricity, nuclear | B35: el, nuclear | C35: 0.289 | D35: 0
A36: electricity, wind, onshore | B36: el, wind, on | C36: 0.01 | D36: 0.1
A37: electricity, wind, offshore | B37: el, wind, off | C37: 0 | D37: 0
A38: electricity, geo | B38: el, geo | C38: 0 | D38: 0
A39: electricity, wood | B39: el, wood | C39: 0.02 | D39: =tbl_electricity[[#This Row],[basic]] -> 0.02
A40: electricity, hydro | B40: el, hydro | C40: =1-SUM(C32:C39,C41:C42) -> 0.6435 | D40: =1-SUM(D32:D39,D41:D42) -> 0.38
A41: electricity, PV, desert | B41: el, PV, desert | C41: 0 | D41: 0
A42: electricity, PV, roof | B42: el, PV, roof | C42: 0.0185 | D42: 0.5
C45: heat mix
A46: heat source | B46: ERP identifier | C46: basic | D46: green
A47: heat, gas | B47: ht, gas | C47: 0.5 | D47: 0
A48: heat, propane | B48: ht, propane | C48: 0 | D48: 0
A49: heat, oil | B49: ht, oil | C49: 0.5 | D49: 0
A50: heat, wood | B50: ht, wood | C50: 0 | D50: 0
A51: heat, solar | B51: ht, solar | C51: 0 | D51: 0.5
A52: heat, heat pump | B52: ht, heat pump | C52: 0 | D52: 0.5
C55: transport mix land | E55: transport mix overseas
A56: transport mode | B56: ERP identifier | C56: basic_land | D56: green_land | E56: basic_overseas | F56: green_overseas
A57: freight, train, diesel | B57: trans, freight, train, diesel | C57: 0.2 | D57: 0 | E57: 0 | F57: 0
A58: freight, train, electric | B58: trans, freight, train, electric | C58: 0.8 | D58: 1 | E58: 0.5 | F58: 0
A59: transport, lorry | B59: trans, lorry | C59: 0 | D59: 0 | E59: 0 | F59: 0
A60: transport, sea | B60: trans, sea | C60: 0 | D60: 0 | E60: 0.5 | F60: 1
A61: transport, air | B61: trans, air | C61: 0 | D61: 0 | E61: 0 | F61: 0
A64: heat pump factor | B64: 0.33 | C64: -

Sheet ERP
A1: Ecological Resource Potentials
A2: based on ecoinvent, ATP, Lenzen, IEA PVPS | C2: v3.9 cut-off
A4: Identifier | B4: Process/product | C4: Unit | D4: FU | E4: version | F4: category | G4: ERP effective [FU/a] | H4: limiting boundary
A5: el, coal | B5: electricity, coal | C5: kilowatt hour | D5: 1 | E5: ecoinvent3_9 | F5: electricity | G5: 7.5680604e+11 | H5: CO_2
A6: el, oil | B6: electricity, oil | C6: kilowatt hour | D6: 1 | E6: ecoinvent3_9 | F6: electricity | G6: 8.802081e+11 | H6: CO_2
A7: el, gas | B7: electricity, gas | C7: kilowatt hour | D7: 1 | E7: ecoinvent3_9 | F7: electricity | G7: 1.4210338e+12 | H7: CO_2
A8: el, nuclear | B8: electricity, nuclear | C8: kilowatt hour | D8: 1 | E8: ecoinvent3_9 | F8: electricity | G8: 7.0311942e+12 | H8: CO_2
A9: el, wind, on | B9: electricity, wind, onshore | C9: kilowatt hour | D9: 1 | E9: ecoinvent3_9 | F9: electricity | G9: 1130000000000 | H9: biophysical | K9: f
A10: el, wind, off | B10: electricity, wind, offshore | C10: kilowatt hour | D10: 1 | E10: ecoinvent3_9 | F10: electricity | G10: 984000000000 | H10: biophysical
A11: el, geo | B11: electricity, geothermal | C11: kilowatt hour | D11: 1 | E11: ecoinvent3_9 | F11: electricity | G11: 2548000000000 | H11: biophysical
A12: el, wood | B12: electricity, wood | C12: kilowatt hour | D12: 1 | E12: ecoinvent3_9 | F12: electricity | G12: 1120000000000 | H12: biophysical
A13: el, hydro | B13: electricity, hydro | C13: kilowatt hour | D13: 1 | E13: ecoinvent3_9 | F13: electricity | G13: 3669000000000 | H13: biophysical
A14: el, PV, desert | B14: electricity, solar, desert | C14: kilowatt hour | D14: 1 | E14: ecoinvent3_9 | F14: electricity | G14: 2.0237444e+13 | H14: CO_2
A15: el, PV, roof | B15: electricity, PV, rooftop | C15: kilowatt hour | D15: 1 | E15: ecoinvent3_9 | F15: electricity | G15: 2.8108667e+13 | H15: CO_2
A16: ht, gas | B16: heat, gas | C16: kWh | D16: 1 | E16: ecoinvent3_9 | F16: heat | G16: 6.0153881e+13 | H16: CO_2
A17: ht, oil | B17: heat, oil | C17: kWh | D17: 1 | E17: ecoinvent3_9 | F17: heat | G17: 3.3059022e+13 | H17: CO_2
A18: ht, propane | B18: heat, propane, industrial | C18: kWh | D18: 1 | E18: ecoinvent3_9 | F18: heat | G18: 3.5511569e+13 | H18: CO_2
A19: ht, wood | B19: heat, wood | C19: kWh | D19: 1 | E19: ecoinvent3_9 | F19: heat | G19: 4480000000000 | H19: biophysical
A20: ht, solar | B20: heat, solar | C20: kWh | D20: 1 | E20: ecoinvent3_9 | F20: heat | G20: 8.3809524e+14 | H20: biophysical
A21: trans, freight, train, diesel | B21: freight, train, diesel | C21: ton kilometer | D21: 1 | E21: ecoinvent3_9 | F21: transport | G21: 1.832508e+13 | H21: CO_2
... A61: Polylactic acid (PLA) | B61: polylactide, granulate//[GLO] market for polylactide, granulate | C61: kilogram | D61: 1 | E61: ecoinvent3_9 | F61: Material | G61: 1.8058516e+11 | H61: CO_2

Sheet RP_wood
A1: Resource Pressure Calculation
A3: wood | D3: option | F3: wo_01 | I3: wo_02 | L3: wo_03 | O3: wo_04 | R3: wo_05 | U3: wo_06
D4: description | F4: hardwood, basic | I4: hardwood, hohe Sägeverluste | L4: hardwood, green | O4: Charles idea
D5: primary material content | F5: basic_primary material content | I5: basic_primary material content | L5: green_primary material content
D6: collection rate of EoL sleeper materials | F6: basic_collection rate | I6: basic_collection rate | L6: green_collection rate
D7: recycling rate of collected EoL sleeper materials | F7: basic_recycling rate | I7: basic_recycling rate | L7: green_recycling rate
D8: cascading rate of collected EoL sleeper materials | F8: basic_cascading rate | I8: basic_cascading rate | L8: green_cascading rate
G9: τ | J9: τ | M9: τ | P9: τ | S9: τ | V9: τ
D10: bulk material | F10: hardwood | G10: =F45 -> 9.8466667e-13 | I10: hardwood | J10: =I45 -> 1.19e-12 | L10: hardwood | M10: =L45 -> 9.8466667e-13 | O10: hardwood | P10: =O45 -> 1.0266667e-12 | S10: =R45 -> #N/A | V10: =U45 -> #N/A
D11: form | F11: low-alloyed steel | G11: =F73 -> 2.0298831e-13 | I11: low-alloyed steel | J11: =I73 -> 2.0298831e-13 | L11: low-alloyed steel | M11: =L73 -> 2.0298831e-13 | O11: low-alloyed steel | P11: =O73 -> 2.0298831e-12 | S11: =R73 -> #N/A | V11: =U73 -> #N/A
D12: chemicals | F12: carbolineum | G12: =F101 -> 2.1389086e-12 | I12: carbolineum | J12: =I101 -> 2.1389086e-12 | L12: carbolineum | M12: =L101 -> 2.1389086e-12 | O12: carbolineum | P12: =O101 -> 2.1389086e-12 | S12: =R101 -> #N/A | V12: =U101 -> #N/A
D13: electricity | F13: basic | G13: =F122 -> 3.4746135e-12 | I13: basic | J13: =I122 -> 3.5034228e-12 | L13: green | M13: =L122 -> 3.0957622e-12 | O13: basic | P13: =O122 -> 1.7848695e-11 | S13: =R122 -> #N/A | V13: =U122 -> #N/A
D14: heat | F14: basic | G14: =F137 -> 1.2374461e-14 | I14: basic | J14: =I137 -> 1.2374461e-14 | L14: green | M14: =L137 -> 3.15e-16 | O14: basic | P14: =O137 -> 1.5971434e-14 | S14: =R137 -> #N/A | V14: =U137 -> #N/A
D15: transport land | F15: basic_land | G15: =F151 -> 4.5695933e-14 | I15: basic_land | J15: =I151 -> 4.5695933e-14 | L15: green_land | M15: =L151 -> 2.9289205e-14 | O15: basic_land | P15: =O151 -> 2.1225265e-12 | S15: =R151 -> #N/A | V15: =U151 -> #N/A
D16: transport overseas | F16: basic_overseas | G16: =F164 -> 0 | I16: basic_overseas | J16: =I164 -> 0 | L16: green_overseas | M16: =L164 -> 0 | O16: basic_overseas | P16: =O164 -> 0 | S16: =R164 -> #N/A | V16: =U164 -> #N/A
D17: ressource pressure | G17: =SUM(G10:G16) -> 6.8592474e-12 | J17: =SUM(J10:J16) -> 7.0933901e-12 | M17: =SUM(M10:M16) -> 6.45193e-12 | P17: =SUM(P10:P16) -> 2.5182651e-11 | S17: =SUM(S10:S16) -> #N/A | V17: =SUM(V10:V16) -> #N/A
B18: Input cell
A19: aspect | B19: icon | C19: name | D19: description | E19: unit
A20: bulk material | B20: mat | C20: material | D20: ERP identifier | F20: =INDEX(tbl_material[],MATCH(F$10,tbl_material[ERP identifier],0),MATCH(RP_wood!$D$20,tbl_material[#Headers],0)) -> hardwood | I20: =INDEX(tbl_material[],MATCH(I$10,tbl_material[ERP identifier],0),MATCH(RP_wood!$D$20,tbl_material[#Headers],0)) -> hardwood | L20: =INDEX(tbl_material[],MATCH(L$10,tbl_material[ERP identifier],0),MATCH(RP_wood!$D$20,tbl_material[#Headers],0)) -> hardwood | O20: =INDEX(tbl_material[],MATCH(O$10,tbl_material[ERP identifier],0),MATCH(RP_wood!$D$20,tbl_material[#Headers],0)) -> hardwood | R20: =INDEX(tbl_material[],MATCH(R$10,tbl_material[ERP identifier],0),MATCH(RP_wood!$D$20,tbl_material[#Headers],0)) -> #N/A | U20: =INDEX(tbl_material[],MATCH(U$10,tbl_material[ERP identifier],0),MATCH(RP_wood!$D$20,tbl_material[#Headers],0)) -> #N/A
B21: ERP | C21: Environmental Ressource Potential | D21: ERP effective [FU/a] | E21: kg/a | F21: =INDEX(tbl_ERP[],MATCH(F20,tbl_ERP[Identifier],0),MATCH(RP_wood!$D$21,tbl_ERP[#Headers],0)) -> 3000000000000 | I21: =INDEX(tbl_ERP[],MATCH(I20,tbl_ERP[Identifier],0),MATCH(RP_wood!$D$21,tbl_ERP[#Headers],0)) -> 3000000000000 | L21: =INDEX(tbl_ERP[],MATCH(L20,tbl_ERP[Identifier],0),MATCH(RP_wood!$D$21,tbl_ERP[#Headers],0)) -> 3000000000000 | O21: =INDEX(tbl_ERP[],MATCH(O20,tbl_ERP[Identifier],0),MATCH(RP_wood!$D$21,tbl_ERP[#Headers],0)) -> 3000000000000 | R21: =INDEX(tbl_ERP[],MATCH(R20,tbl_ERP[Identifier],0),MATCH(RP_wood!$D$21,tbl_ERP[#Headers],0)) -> #N/A | U21: =INDEX(tbl_ERP[],MATCH(U20,tbl_ERP[Identifier],0),MATCH(RP_wood!$D$21,tbl_ERP[#Headers],0)) -> #N/A
C23: primary material content | D23: per input (primary and secondary) without recycling | E23: - | F23: =INDEX(tbl_material[],MATCH(F$10,tbl_material[material],0),MATCH(RP_wood!$F$5,tbl_material[#Headers],0)) -> 1 | I23: =INDEX(tbl_material[],MATCH(I$10,tbl_material[material],0),MATCH(RP_wood!$F$5,tbl_material[#Headers],0)) -> 1 | L23: =INDEX(tbl_material[],MATCH(L$10,tbl_material[material],0),MATCH(RP_wood!$F$5,tbl_material[#Headers],0)) -> 1 | O23: =INDEX(tbl_material[],MATCH(O$10,tbl_material[material],0),MATCH(RP_wood!$F$5,tbl_material[#Headers],0)) -> 1 | R23: =INDEX(tbl_material[],MATCH(R$10,tbl_material[material],0),MATCH(RP_wood!$F$5,tbl_material[#Headers],0)) -> #N/A | U23: =INDEX(tbl_material[],MATCH(U$10,tbl_material[material],0),MATCH(RP_wood!$F$5,tbl_material[#Headers],0)) -> #N/A
C24: secondary material content | D24: per input (primary and secondary) without recycling | E24: - | F24: =1-F23 -> 0 | I24: =1-I23 -> 0 | L24: =1-L23 -> 0 | O24: =1-O23 -> 0 | R24: =1-R23 -> #N/A | U24: =1-U23 -> #N/A
C26: mass | D26: per sleeper | E26: kg | F26: =INDEX(tbl_material[],MATCH(F$10,tbl_material[material],0),MATCH(RP_wood!$C$26,tbl_material[#Headers],0)) -> 70 | I26: =INDEX(tbl_material[],MATCH(I$10,tbl_material[material],0),MATCH(RP_wood!$C$26,tbl_material[#Headers],0)) -> 70 | L26: =INDEX(tbl_material[],MATCH(L$10,tbl_material[material],0),MATCH(RP_wood!$C$26,tbl_material[#Headers],0)) -> 70 | O26: =INDEX(tbl_material[],MATCH(O$10,tbl_material[material],0),MATCH(RP_wood!$C$26,tbl_material[#Headers],0)) -> 70 | R26: =INDEX(tbl_material[],MATCH(R$10,tbl_material[material],0),MATCH(RP_wood!$C$26,tbl_material[#Headers],0)) -> #N/A | U26: =INDEX(tbl_material[],MATCH(U$10,tbl_material[material],0),MATCH(RP_wood!$C$26,tbl_material[#Headers],0)) -> #N/A
C27: manufacturing losses | D27: in relation to product | E27: - | F27: =INDEX(tbl_material[],MATCH(F$10,tbl_material[material],0),MATCH(RP_wood!$C$27,tbl_material[#Headers],0)) -> 0.1 | I27: 0.5 | L27: =INDEX(tbl_material[],MATCH(L$10,tbl_material[material],0),MATCH(RP_wood!$C$27,tbl_material[#Headers],0)) -> 0.1 | O27: 0.1 | R27: =INDEX(tbl_material[],MATCH(R$10,tbl_material[material],0),MATCH(RP_wood!$C$27,tbl_material[#Headers],0)) -> #N/A | U27: =INDEX(tbl_material[],MATCH(U$10,tbl_material[material],0),MATCH(RP_wood!$C$27,tbl_material[#Headers],0)) -> #N/A
C28: manufacturing losses | D28: per product | E28: kg | F28: =F26*F27 -> 7 | I28: =I26*I27 -> 35 | L28: =L26*L27 -> 7 | O28: =O26*O27 -> 7 | R28: =R26*R27 -> #N/A | U28: =U26*U27 -> #N/A
C29: mass required | D29: per product | E29: kg | F29: =F26*(1+F27) -> 77 | I29: =I26*(1+I27) -> 105 | L29: =L26*(1+L27) -> 77 | O29: =O26*(1+O27) -> 77 | R29: =R26*(1+R27) -> #N/A | U29: =U26*(1+U27) -> #N/A
C31: collection rate | D31: of manufacturing losses | E31: - | F31: =INDEX(tbl_material[],MATCH(F$10,tbl_material[material],0),MATCH(RP_wood!$C$31,tbl_material[#Headers],0)) -> 1 | I31: =INDEX(tbl_material[],MATCH(I$10,tbl_material[material],0),MATCH(RP_wood!$C$31,tbl_material[#Headers],0)) -> 1 | L31: =INDEX(tbl_material[],MATCH(L$10,tbl_material[material],0),MATCH(RP_wood!$C$31,tbl_material[#Headers],0)) -> 1 | O31: =INDEX(tbl_material[],MATCH(O$10,tbl_material[material],0),MATCH(RP_wood!$C$31,tbl_material[#Headers],0)) -> 1 | R31: =INDEX(tbl_material[],MATCH(R$10,tbl_material[material],0),MATCH(RP_wood!$C$31,tbl_material[#Headers],0)) -> #N/A | U31: =INDEX(tbl_material[],MATCH(U$10,tbl_material[material],0),MATCH(RP_wood!$C$31,tbl_material[#Headers],0)) -> #N/A
C32: recycling rate | D32: of collected manufacturing losses | E32: - | F32: =INDEX(tbl_material[],MATCH(F$10,tbl_material[material],0),MATCH(RP_wood!$C$32,tbl_material[#Headers],0)) -> 0 | I32: =INDEX(tbl_material[],MATCH(I$10,tbl_material[material],0),MATCH(RP_wood!$C$32,tbl_material[#Headers],0)) -> 0 | L32: =INDEX(tbl_material[],MATCH(L$10,tbl_material[material],0),MATCH(RP_wood!$C$32,tbl_material[#Headers],0)) -> 0 | O32: =INDEX(tbl_material[],MATCH(O$10,tbl_material[material],0),MATCH(RP_wood!$C$32,tbl_material[#Headers],0)) -> 0 | R32: =INDEX(tbl_material[],MATCH(R$10,tbl_material[material],0),MATCH(RP_wood!$C$32,tbl_material[#Headers],0)) -> #N/A | U32: =INDEX(tbl_material[],MATCH(U$10,tbl_material[material],0),MATCH(RP_wood!$C$32,tbl_material[#Headers],0)) -> #N/A
C33: cascading rate | D33: of collected manufacturing losses | E33: - | F33: =INDEX(tbl_material[],MATCH(F$10,tbl_material[material],0),MATCH(RP_wood!$C$33,tbl_material[#Headers],0)) -> 0.9 | I33: =INDEX(tbl_material[],MATCH(I$10,tbl_material[material],0),MATCH(RP_wood!$C$33,tbl_material[#Headers],0)) -> 0.9 | L33: =INDEX(tbl_material[],MATCH(L$10,tbl_material[material],0),MATCH(RP_wood!$C$33,tbl_material[#Headers],0)) -> 0.9 | O33: 0 | R33: =INDEX(tbl_material[],MATCH(R$10,tbl_material[material],0),MATCH(RP_wood!$C$33,tbl_material[#Headers],0)) -> #N/A | U33: =INDEX(tbl_material[],MATCH(U$10,tbl_material[material],0),MATCH(RP_wood!$C$33,tbl_material[#Headers],0)) -> #N/A
C34: loss rate | D34: of collected manufacturing losses | E34: - | F34: =1-F31+F31*(1-F32-F33) -> 0.1 | I34: =1-I31+I31*(1-I32-I33) -> 0.1 | L34: =1-L31+L31*(1-L32-L33) -> 0.1 | O34: =1-O31+O31*(1-O32-O33) -> 1 | R34: =1-R31+R31*(1-R32-R33) -> #N/A | U34: =1-U31+U31*(1-U32-U33) -> #N/A
C36: collection rate | D36: of EoL products | E36: - | F36: =INDEX(tbl_material[],MATCH(F$10,tbl_material[material],0),MATCH(RP_wood!$F$6,tbl_material[#Headers],0)) -> 1 | I36: =INDEX(tbl_material[],MATCH(I$10,tbl_material[material],0),MATCH(RP_wood!$I$6,tbl_material[#Headers],0)) -> 1 | L36: =INDEX(tbl_material[],MATCH(L$10,tbl_material[material],0),MATCH(RP_wood!$I$6,tbl_material[#Headers],0)) -> 1 | O36: =INDEX(tbl_material[],MATCH(O$10,tbl_material[material],0),MATCH(RP_wood!$I$6,tbl_material[#Headers],0)) -> 1 | R36: =INDEX(tbl_material[],MATCH(R$10,tbl_material[material],0),MATCH(RP_wood!$I$6,tbl_material[#Headers],0)) -> #N/A | U36: =INDEX(tbl_material[],MATCH(U$10,tbl_material[material],0),MATCH(RP_wood!$I$6,tbl_material[#Headers],0)) -> #N/A
C37: recycling rate | D37: of collected EoL products (base material) | E37: - | F37: =INDEX(tbl_material[],MATCH(F$10,tbl_material[material],0),MATCH(RP_wood!$F$7,tbl_material[#Headers],0)) -> 0 | I37: =INDEX(tbl_material[],MATCH(I$10,tbl_material[material],0),MATCH(RP_wood!$F$7,tbl_material[#Headers],0)) -> 0 | L37: =INDEX(tbl_material[],MATCH(L$10,tbl_material[material],0),MATCH(RP_wood!$F$7,tbl_material[#Headers],0)) -> 0 | O37: =INDEX(tbl_material[],MATCH(O$10,tbl_material[material],0),MATCH(RP_wood!$F$7,tbl_material[#Headers],0)) -> 0 | R37: =INDEX(tbl_material[],MATCH(R$10,tbl_material[material],0),MATCH(RP_wood!$F$7,tbl_material[#Headers],0)) -> #N/A | U37: =INDEX(tbl_material[],MATCH(U$10,tbl_material[material],0),MATCH(RP_wood!$F$7,tbl_material[#Headers],0)) -> #N/A
C38: cascading rate | D38: of collected EoL products (base material) | E38: - | F38: =INDEX(tbl_material[],MATCH(F$10,tbl_material[material],0),MATCH(RP_wood!$F$8,tbl_material[#Headers],0)) -> 0 | I38: =INDEX(tbl_material[],MATCH(I$10,tbl_material[material],0),MATCH(RP_wood!$F$8,tbl_material[#Headers],0)) -> 0 | L38: =INDEX(tbl_material[],MATCH(L$10,tbl_material[material],0),MATCH(RP_wood!$F$8,tbl_material[#Headers],0)) -> 0 | O38: =INDEX(tbl_material[],MATCH(O$10,tbl_material[material],0),MATCH(RP_wood!$F$8,tbl_material[#Headers],0)) -> 0 | R38: =INDEX(tbl_material[],MATCH(R$10,tbl_material[material],0),MATCH(RP_wood!$F$8,tbl_material[#Headers],0)) -> #N/A | U38: =INDEX(tbl_material[],MATCH(U$10,tbl_material[material],0),MATCH(RP_wood!$F$8,tbl_material[#Headers],0)) -> #N/A
C39: loss rate | D39: of collected EoL products (base material) | E39: - | F39: =1-F36+F36*(1-F37-F38) -> 1 | I39: =1-I36+I36*(1-I37-I38) -> 1 | L39: =1-L36+L36*(1-L37-L38) -> 1 | O39: =1-O36+O36*(1-O37-O38) -> 1 | R39: =1-R36+R36*(1-R37-R38) -> #N/A | U39: =1-U36+U36*(1-U37-U38) -> #N/A
C41: recyclability | D41: overall | E41: - | F41: =(F31*F32*F27+F36*F37)/(1+F27) -> 0 | I41: =(I31*I32*I27+I36*I37)/(1+I27) -> 0 | L41: =(L31*L32*L27+L36*L37)/(1+L27) -> 0 | O41: =(O31*O32*O27+O36*O37)/(1+O27) -> 0 | R41: =(R31*R32*R27+R36*R37)/(1+R27) -> #N/A | U41: =(U31*U32*U27+U36*U37)/(1+U27) -> #N/A
C42: cascadability | D42: overall | E42: - | F42: =(F31*F33*F27+F36*F38)/(1+F27) -> 0.081818182 | I42: =(I31*I33*I27+I36*I38)/(1+I27) -> 0.3 | L42: =(L31*L33*L27+L36*L38)/(1+L27) -> 0.081818182 | O42: =(O31*O33*O27+O36*O38)/(1+O27) -> 0 | R42: =(R31*R33*R27+R36*R38)/(1+R27) -> #N/A | U42: =(U31*U33*U27+U36*U38)/(1+U27) -> #N/A
C43: final loss | D43: overall | E43: - | F43: =1-F41-F42 -> 0.91818182 | I43: =1-I41-I42 -> 0.7 | L43: =1-L41-L42 -> 0.91818182 | O43: =1-O41-O42 -> 1 | R43: =1-R41-R42 -> #N/A | U43: =1-U41-U42 -> #N/A
B45: τ | C45: ressource pressure | D45: base material | E45: - | F45: =(0.5*F26/F21)*(1+F27)*(1/lifetime_wood)*(1+F23*(1-F41)-F41-F42) -> 9.8466667e-13 | I45: =(0.5*I26/I21)*(1+I27)*(1/lifetime_wood)*(1+I23*(1-I41)-I41-I42) -> 1.19e-12 | L45: =(0.5*L26/L21)*(1+L27)*(1/lifetime_wood)*(1+L23*(1-L41)-L41-L42) -> 9.8466667e-13 | O45: =(0.5*O26/O21)*(1+O27)*(1/lifetime_wood)*(1+O23*(1-O41)-O41-O42) -> 1.0266667e-12 | R45: =(0.5*R26/R21)*(1+R27)*(1/lifetime_wood)*(1+R23*(1-R41)-R41-R42) -> #N/A | U45: =(0.5*U26/U21)*(1+U27)*(1/lifetime_wood)*(1+U23*(1-U41)-U41-U42) -> #N/A
A48: form | B48: mat | C48: material | D48: ERP identifier | F48: =INDEX(tbl_material[],MATCH(F$11,tbl_material[ERP identifier],0),MATCH(RP_wood!$D$48,tbl_material[#Headers],0)) -> low-alloyed steel | I48: =INDEX(tbl_material[],MATCH(I$11,tbl_material[ERP identifier],0),MATCH(RP_wood!$D$48,tbl_material[#Headers],0)) -> low-alloyed steel | L48: =INDEX(tbl_material[],MATCH(L$11,tbl_material[ERP identifier],0),MATCH(RP_wood!$D$48,tbl_material[#Headers],0)) -> low-alloyed steel | O48: =INDEX(tbl_material[],MATCH(O$11,tbl_material[ERP identifier],0),MATCH(RP_wood!$D$48,tbl_material[#Headers],0)) -> low-alloyed steel | R48: =INDEX(tbl_material[],MATCH(R$11,tbl_material[ERP identifier],0),MATCH(RP_wood!$D$48,tbl_material[#Headers],0)) -> #N/A | U48: =INDEX(tbl_material[],MATCH(U$11,tbl_material[ERP identifier],0),MATCH(RP_wood!$D$48,tbl_material[#Headers],0)) -> #N/A
B49: ERP | C49: Environmental Ressource Potential | D49: ERP effective [FU/a] | E49: kg/a | F49: =INDEX(tbl_ERP[],MATCH(F48,tbl_ERP[Identifier],0),MATCH(RP_wood!$D$49,tbl_ERP[#Headers],0)) -> 4.3352251e+11 | I49: =INDEX(tbl_ERP[],MATCH(I48,tbl_ERP[Identifier],0),MATCH(RP_wood!$D$49,tbl_ERP[#Headers],0)) -> 4.3352251e+11 | L49: =INDEX(tbl_ERP[],MATCH(L48,tbl_ERP[Identifier],0),MATCH(RP_wood!$D$49,tbl_ERP[#Headers],0)) -> 4.3352251e+11 | O49: =INDEX(tbl_ERP[],MATCH(O48,tbl_ERP[Identifier],0),MATCH(RP_wood!$D$49,tbl_ERP[#Headers],0)) -> 4.3352251e+11 | R49: =INDEX(tbl_ERP[],MATCH(R48,tbl_ERP[Identifier],0),MATCH(RP_wood!$D$49,tbl_ERP[#Headers],0)) -> #N/A | U49: =INDEX(tbl_ERP[],MATCH(U48,tbl_ERP[Identifier],0),MATCH(RP_wood!$D$49,tbl_ERP[#Headers],0)) -> #N/A
C51: primary material content | D51: per input (primary and secondary) without recycling | E51: - | F51: =INDEX(tbl_material[],MATCH(F$11,tbl_material[material],0),MATCH(RP_wood!$F$5,tbl_material[#Headers],0)) -> 1 | I51: =INDEX(tbl_material[],MATCH(I$11,tbl_material[material],0),MATCH(RP_wood!$F$5,tbl_material[#Headers],0)) -> 1 | L51: =INDEX(tbl_material[],MATCH(L$11,tbl_material[material],0),MATCH(RP_wood!$F$5,tbl_material[#Headers],0)) -> 1 | O51: =INDEX(tbl_material[],MATCH(O$11,tbl_material[material],0),MATCH(RP_wood!$F$5,tbl_material[#Headers],0)) -> 1 | R51: =INDEX(tbl_material[],MATCH(R$11,tbl_material[material],0),MATCH(RP_wood!$F$5,tbl_material[#Headers],0)) -> #N/A | U51: =INDEX(tbl_material[],MATCH(U$11,tbl_material[material],0),MATCH(RP_wood!$F$5,tbl_material[#Headers],0)) -> #N/A
C52: secondary material content | D52: per input (primary and secondary) without recycling | E52: - | F52: =1-F51 -> 0 | I52: =1-I51 -> 0 | L52: =1-L51 -> 0 | O52: =1-O51 -> 0 | R52: =1-R51 -> #N/A | U52: =1-U51 -> #N/A
C54: mass | D54: per sleeper | E54: kg | F54: =INDEX(tbl_material[],MATCH(F$11,tbl_material[material],0),MATCH(RP_wood!$C$54,tbl_material[#Headers],0)) -> 20 | I54: =INDEX(tbl_material[],MATCH(I$11,tbl_material[material],0),MATCH(RP_wood!$C$54,tbl_material[#Headers],0)) -> 20 | L54: =INDEX(tbl_material[],MATCH(L$11,tbl_material[material],0),MATCH(RP_wood!$C$54,tbl_material[#Headers],0)) -> 20 | O54: =INDEX(tbl_material[],MATCH(O$11,tbl_material[material],0),MATCH(RP_wood!$C$54,tbl_material[#Headers],0)) -> 20 | R54: =INDEX(tbl_material[],MATCH(R$11,tbl_material[material],0),MATCH(RP_wood!$C$54,tbl_material[#Headers],0)) -> #N/A | U54: =INDEX(tbl_material[],MATCH(U$11,tbl_material[material],0),MATCH(RP_wood!$C$54,tbl_material[#Headers],0)) -> #N/A
C55: manufacturing losses | D55: in relation to product | E55: - | F55: =INDEX(tbl_material[],MATCH(F$11,tbl_material[material],0),MATCH(RP_wood!$C$55,tbl_material[#Headers],0)) -> 0.1 | I55: =INDEX(tbl_material[],MATCH(I$11,tbl_material[material],0),MATCH(RP_wood!$C$55,tbl_material[#Headers],0)) -> 0.1 | L55: =INDEX(tbl_material[],MATCH(L$11,tbl_material[material],0),MATCH(RP_wood!$C$55,tbl_material[#Headers],0)) -> 0.1 | O55: =INDEX(tbl_material[],MATCH(O$11,tbl_material[material],0),MATCH(RP_wood!$C$55,tbl_material[#Headers],0)) -> 0.1 | R55: =INDEX(tbl_material[],MATCH(R$11,tbl_material[material],0),MATCH(RP_wood!$C$55,tbl_material[#Headers],0)) -> #N/A | U55: =INDEX(tbl_material[],MATCH(U$11,tbl_material[material],0),MATCH(RP_wood!$C$55,tbl_material[#Headers],0)) -> #N/A
C56: manufacturing losses | D56: per product | E56: kg | F56: =F54*F55 -> 2 | I56: =I54*I55 -> 2 | L56: =L54*L55 -> 2 | O56: =O54*O55 -> 2 | R56: =R54*R55 -> #N/A | U56: =U54*U55 -> #N/A
C57: mass required | D57: per product | E57: kg | F57: =F54*(1+F55) -> 22 | I57: =I54*(1+I55) -> 22 | L57: =L54*(1+L55) -> 22 | O57: =O54*(1+O55) -> 22 | R57: =R54*(1+R55) -> #N/A | U57: =U54*(1+U55) -> #N/A
C59: collection rate | D59: of manufacturing losses | E59: - | F59: =INDEX(tbl_material[],MATCH(F$11,tbl_material[material],0),MATCH(RP_wood!$C$59,tbl_material[#Headers],0)) -> 1 | I59: =INDEX(tbl_material[],MATCH(I$11,tbl_material[material],0),MATCH(RP_wood!$C$59,tbl_material[#Headers],0)) -> 1 | L59: =INDEX(tbl_material[],MATCH(L$11,tbl_material[material],0),MATCH(RP_wood!$C$59,tbl_material[#Headers],0)) -> 1 | O59: =INDEX(tbl_material[],MATCH(O$11,tbl_material[material],0),MATCH(RP_wood!$C$59,tbl_material[#Headers],0)) -> 1 | R59: =INDEX(tbl_material[],MATCH(R$11,tbl_material[material],0),MATCH(RP_wood!$C$59,tbl_material[#Headers],0)) -> #N/A | U59: =INDEX(tbl_material[],MATCH(U$11,tbl_material[material],0),MATCH(RP_wood!$C$59,tbl_material[#Headers],0)) -> #N/A
C60: recycling rate | D60: of collected manufacturing losses | E60: - | F60: =INDEX(tbl_material[],MATCH(F$11,tbl_material[material],0),MATCH(RP_wood!$C$60,tbl_material[#Headers],0)) -> 0.9 | I60: =INDEX(tbl_material[],MATCH(I$11,tbl_material[material],0),MATCH(RP_wood!$C$60,tbl_material[#Headers],0)) -> 0.9 | L60: =INDEX(tbl_material[],MATCH(L$11,tbl_material[material],0),MATCH(RP_wood!$C$60,tbl_material[#Headers],0)) -> 0.9 | O60: 0 | R60: =INDEX(tbl_material[],MATCH(R$11,tbl_material[material],0),MATCH(RP_wood!$C$60,tbl_material[#Headers],0)) -> #N/A | U60: =INDEX(tbl_material[],MATCH(U$11,tbl_material[material],0),MATCH(RP_wood!$C$60,tbl_material[#Headers],0)) -> #N/A
C61: cascading rate | D61: of collected manufacturing losses | E61: - | F61: =INDEX(tbl_material[],MATCH(F$11,tbl_material[material],0),MATCH(RP_wood!$C$61,tbl_material[#Headers],0)) -> 0 | I61: =INDEX(tbl_material[],MATCH(I$11,tbl_material[material],0),MATCH(RP_wood!$C$61,tbl_material[#Headers],0)) -> 0 | L61: =INDEX(tbl_material[],MATCH(L$11,tbl_material[material],0),MATCH(RP_wood!$C$61,tbl_material[#Headers],0)) -> 0 | O61: =INDEX(tbl_material[],MATCH(O$11,tbl_material[material],0),MATCH(RP_wood!$C$61,tbl_material[#Headers],0)) -> 0 | R61: =INDEX(tbl_material[],MATCH(R$11,tbl_material[material],0),MATCH(RP_wood!$C$61,tbl_material[#Headers],0)) -> #N/A | U61: =INDEX(tbl_material[],MATCH(U$11,tbl_material[material],0),MATCH(RP_wood!$C$61,tbl_material[#Headers],0)) -> #N/A
C62: loss rate | D62: of collected manufacturing losses | E62: - | F62: =1-F59+F59*(1-F60-F61) -> 0.1 | I62: =1-I59+I59*(1-I60-I61) -> 0.1 | L62: =1-L59+L59*(1-L60-L61) -> 0.1 | O62: =1-O59+O59*(1-O60-O61) -> 1 | R62: =1-R59+R59*(1-R60-R61) -> #N/A | U62: =1-U59+U59*(1-U60-U61) -> #N/A
C64: collection rate | D64: of EoL products | E64: - | F64: =INDEX(tbl_material[],MATCH(F$11,tbl_material[material],0),MATCH(RP_wood!$F$6,tbl_material[#Headers],0)) -> 1 | I64: =INDEX(tbl_material[],MATCH(I$11,tbl_material[material],0),MATCH(RP_wood!$I$6,tbl_material[#Headers],0)) -> 1 | L64: =INDEX(tbl_material[],MATCH(L$11,tbl_material[material],0),MATCH(RP_wood!$I$6,tbl_material[#Headers],0)) -> 1 | O64: =INDEX(tbl_material[],MATCH(O$11,tbl_material[material],0),MATCH(RP_wood!$I$6,tbl_material[#Headers],0)) -> 1 | R64: =INDEX(tbl_material[],MATCH(R$11,tbl_material[material],0),MATCH(RP_wood!$I$6,tbl_material[#Headers],0)) -> #N/A | U64: =INDEX(tbl_material[],MATCH(U$11,tbl_material[material],0),MATCH(RP_wood!$I$6,tbl_material[#Headers],0)) -> #N/A
C65: recycling rate | D65: of collected EoL products (base material) | E65: - | F65: =INDEX(tbl_material[],MATCH(F$11,tbl_material[material],0),MATCH(RP_wood!$C$65,tbl_material[#Headers],0)) -> 0.9 | I65: =INDEX(tbl_material[],MATCH(I$11,tbl_material[material],0),MATCH(RP_wood!$C$65,tbl_material[#Headers],0)) -> 0.9 | L65: =INDEX(tbl_material[],MATCH(L$11,tbl_material[material],0),MATCH(RP_wood!$C$65,tbl_material[#Headers],0)) -> 0.9 | O65: 0 | R65: =INDEX(tbl_material[],MATCH(R$11,tbl_material[material],0),MATCH(RP_wood!$C$65,tbl_material[#Headers],0)) -> #N/A | U65: =INDEX(tbl_material[],MATCH(U$11,tbl_material[material],0),MATCH(RP_wood!$C$65,tbl_material[#Headers],0)) -> #N/A
C66: cascading rate | D66: of collected EoL products (base material) | E66: - | F66: =INDEX(tbl_material[],MATCH(F$11,tbl_material[material],0),MATCH(RP_wood!$C$66,tbl_material[#Headers],0)) -> 0 | I66: =INDEX(tbl_material[],MATCH(I$11,tbl_material[material],0),MATCH(RP_wood!$C$66,tbl_material[#Headers],0)) -> 0 | L66: =INDEX(tbl_material[],MATCH(L$11,tbl_material[material],0),MATCH(RP_wood!$C$66,tbl_material[#Headers],0)) -> 0 | O66: =INDEX(tbl_material[],MATCH(O$11,tbl_material[material],0),MATCH(RP_wood!$C$66,tbl_material[#Headers],0)) -> 0 | R66: =INDEX(tbl_material[],MATCH(R$11,tbl_material[material],0),MATCH(RP_wood!$C$66,tbl_material[#Headers],0)) -> #N/A | U66: =INDEX(tbl_material[],MATCH(U$11,tbl_material[material],0),MATCH(RP_wood!$C$66,tbl_material[#Headers],0)) -> #N/A
C67: loss rate | D67: of collected EoL products (base material) | E67: - | F67: =1-F64+F64*(1-F65-F66) -> 0.1 | I67: =1-I64+I64*(1-I65-I66) -> 0.1 | L67: =1-L64+L64*(1-L65-L66) -> 0.1 | O67: =1-O64+O64*(1-O65-O66) -> 1 | R67: =1-R64+R64*(1-R65-R66) -> #N/A | U67: =1-U64+U64*(1-U65-U66) -> #N/A
C69: recyclability | D69: overall | E69: - | F69: =(F59*F60*F55+F64*F65)/(1+F55) -> 0.9 | I69: =(I59*I60*I55+I64*I65)/(1+I55) -> 0.9 | L69: =(L59*L60*L55+L64*L65)/(1+L55) -> 0.9 | O69: 0 | R69: =(R59*R60*R55+R64*R65)/(1+R55) -> #N/A | U69: =(U59*U60*U55+U64*U65)/(1+U55) -> #N/A
C70: cascadability | D70: overall | E70: - | F70: =(F59*F61*F55+F64*F66)/(1+F55) -> 0 | I70: =(I59*I61*I55+I64*I66)/(1+I55) -> 0 | L70: =(L59*L61*L55+L64*L66)/(1+L55) -> 0 | O70: =(O59*O61*O55+O64*O66)/(1+O55) -> 0 | R70: =(R59*R61*R55+R64*R66)/(1+R55) -> #N/A | U70: =(U59*U61*U55+U64*U66)/(1+U55) -> #N/A
C71: final loss | D71: overall | E71: - | F71: =1-F69-F70 -> 0.1 | I71: =1-I69-I70 -> 0.1 | L71: =1-L69-L70 -> 0.1 | O71: 1 | R71: =1-R69-R70 -> #N/A | U71: =1-U69-U70 -> #N/A
B73: τ | C73: ressource pressure | D73: base material | E73: - | F73: =(0.5*F54/F49)*(1+F55)*(1/lifetime_wood)*(1+F51*(1-F69)-F69-F70) -> 2.0298831e-13 | I73: =(0.5*I54/I49)*(1+I55)*(1/lifetime_wood)*(1+I51*(1-I69)-I69-I70) -> 2.0298831e-13 | L73: =(0.5*L54/L49)*(1+L55)*(1/lifetime_wood)*(1+L51*(1-L69)-L69-L70) -> 2.0298831e-13 | O73: =(0.5*O54/O49)*(1+O55)*(1/lifetime_wood)*(1+O51*(1-O69)-O69-O70) -> 2.0298831e-12 | R73: =(0.5*R54/R49)*(1+R55)*(1/lifetime_wood)*(1+R51*(1-R69)-R69-R70) -> #N/A | U73: =(0.5*U54/U49)*(1+U55)*(1/lifetime_wood)*(1+U51*(1-U69)-U69-U70) -> #N/A
A76: chemicals | B76: mat | C76: material | D76: ERP identifier | F76: =INDEX(tbl_material[],MATCH(F$12,tbl_material[ERP identifier],0),MATCH(RP_wood!$D$76,tbl_material[#Headers],0)) -> carbolineum | I76: =INDEX(tbl_material[],MATCH(I$12,tbl_material[ERP identifier],0),MATCH(RP_wood!$D$76,tbl_material[#Headers],0)) -> carbolineum | L76: =INDEX(tbl_material[],MATCH(L$12,tbl_material[ERP identifier],0),MATCH(RP_wood!$D$76,tbl_material[#Headers],0)) -> carbolineum | O76: =INDEX(tbl_material[],MATCH(O$12,tbl_material[ERP identifier],0),MATCH(RP_wood!$D$76,tbl_material[#Headers],0)) -> carbolineum | R76: =INDEX(tbl_material[],MATCH(R$12,tbl_material[ERP identifier],0),MATCH(RP_wood!$D$76,tbl_material[#Headers],0)) -> #N/A | U76: =INDEX(tbl_material[],MATCH(U$12,tbl_material[ERP identifier],0),MATCH(RP_wood!$D$76,tbl_material[#Headers],0)) -> #N/A
B77: ERP | C77: Environmental Ressource Potential | D77: ERP effective [FU/a] | E77: kg/a | F77: =INDEX(tbl_ERP[],MATCH(F76,tbl_ERP[Identifier],0),MATCH(RP_wood!$D$77,tbl_ERP[#Headers],0)) -> 2.4685487e+11 | I77: =INDEX(tbl_ERP[],MATCH(I76,tbl_ERP[Identifier],0),MATCH(RP_wood!$D$77,tbl_ERP[#Headers],0)) -> 2.4685487e+11 | L77: =INDEX(tbl_ERP[],MATCH(L76,tbl_ERP[Identifier],0),MATCH(RP_wood!$D$77,tbl_ERP[#Headers],0)) -> 2.4685487e+11 | O77: =INDEX(tbl_ERP[],MATCH(O76,tbl_ERP[Identifier],0),MATCH(RP_wood!$D$77,tbl_ERP[#Headers],0)) -> 2.4685487e+11 | R77: =INDEX(tbl_ERP[],MATCH(R76,tbl_ERP[Identifier],0),MATCH(RP_wood!$D$77,tbl_ERP[#Headers],0)) -> #N/A | U77: =INDEX(tbl_ERP[],MATCH(U76,tbl_ERP[Identifier],0),MATCH(RP_wood!$D$77,tbl_ERP[#Headers],0)) -> #N/A
C79: primary material content | D79: per input (primary and secondary) without recycling | E79: - | F79: =INDEX(tbl_material[],MATCH(F$12,tbl_material[material],0),MATCH(RP_wood!$F$5,tbl_material[#Headers],0)) -> 1 | I79: =INDEX(tbl_material[],MATCH(I$12,tbl_material[material],0),MATCH(RP_wood!$F$5,tbl_material[#Headers],0)) -> 1 | L79: =INDEX(tbl_material[],MATCH(L$12,tbl_material[material],0),MATCH(RP_wood!$F$5,tbl_material[#Headers],0)) -> 1 | O79: =INDEX(tbl_material[],MATCH(O$12,tbl_material[material],0),MATCH(RP_wood!$F$5,tbl_material[#Headers],0)) -> 1 | R79: =INDEX(tbl_material[],MATCH(R$12,tbl_material[material],0),MATCH(RP_wood!$F$5,tbl_material[#Headers],0)) -> #N/A | U79: =INDEX(tbl_material[],MATCH(U$12,tbl_material[material],0),MATCH(RP_wood!$F$5,tbl_material[#Headers],0)) -> #N/A
C80: secondary material content | D80: per input (primary and secondary) without recycling | E80: - | F80: =1-F79 -> 0 | I80: =1-I79 -> 0 | L80: =1-L79 -> 0 | O80: =1-O79 -> 0 | R80: =1-R79 -> #N/A | U80: =1-U79 -> #N/A
C82: mass | D82: per sleeper | E82: kg | F82: =INDEX(tbl_material[],MATCH(F$12,tbl_material[material],0),MATCH(RP_wood!$C$82,tbl_material[#Headers],0)) -> 12 | I82: =INDEX(tbl_material[],MATCH(I$12,tbl_material[material],0),MATCH(RP_wood!$C$82,tbl_material[#Headers],0)) -> 12 | L82: =INDEX(tbl_material[],MATCH(L$12,tbl_material[material],0),MATCH(RP_wood!$C$82,tbl_material[#Headers],0)) -> 12 | O82: =INDEX(tbl_material[],MATCH(O$12,tbl_material[material],0),MATCH(RP_wood!$C$82,tbl_material[#Headers],0)) -> 12 | R82: =INDEX(tbl_material[],MATCH(R$12,tbl_material[material],0),MATCH(RP_wood!$C$82,tbl_material[#Headers],0)) -> #N/A | U82: =INDEX(tbl_material[],MATCH(U$12,tbl_material[material],0),MATCH(RP_wood!$C$82,tbl_material[#Headers],0)) -> #N/A
C83: manufacturing losses | D83: in relation to product | E83: - | F83: =INDEX(tbl_material[],MATCH(F$12,tbl_material[material],0),MATCH(RP_wood!$C$83,tbl_material[#Headers],0)) -> 0.1 | I83: =INDEX(tbl_material[],MATCH(I$12,tbl_material[material],0),MATCH(RP_wood!$C$83,tbl_material[#Headers],0)) -> 0.1 | L83: =INDEX(tbl_material[],MATCH(L$12,tbl_material[material],0),MATCH(RP_wood!$C$83,tbl_material[#Headers],0)) -> 0.1 | O83: =INDEX(tbl_material[],MATCH(O$12,tbl_material[material],0),MATCH(RP_wood!$C$83,tbl_material[#Headers],0)) -> 0.1 | R83: =INDEX(tbl_material[],MATCH(R$12,tbl_material[material],0),MATCH(RP_wood!$C$83,tbl_material[#Headers],0)) -> #N/A | U83: =INDEX(tbl_material[],MATCH(U$12,tbl_material[material],0),MATCH(RP_wood!$C$83,tbl_material[#Headers],0)) -> #N/A
C84: manufacturing losses | D84: per product | E84: kg | F84: =F83*F82 -> 1.2 | I84: =I83*I82 -> 1.2 | L84: =L83*L82 -> 1.2 | O84: =O83*O82 -> 1.2 | R84: =R83*R82 -> #N/A | U84: =U83*U82 -> #N/A
C85: mass required | D85: per product | E85: kg | F85: =F82*(1+F83) -> 13.2 | I85: =I82*(1+I83) -> 13.2 | L85: =L82*(1+L83) -> 13.2 | O85: =O82*(1+O83) -> 13.2 | R85: =R82*(1+R83) -> #N/A | U85: =U82*(1+U83) -> #N/A
C87: collection rate | D87: of manufacturing losses | E87: - | F87: =INDEX(tbl_material[],MATCH(F$12,tbl_material[material],0),MATCH(RP_wood!$C$87,tbl_material[#Headers],0)) -> 1 | I87: =INDEX(tbl_material[],MATCH(I$12,tbl_material[material],0),MATCH(RP_wood!$C$87,tbl_material[#Headers],0)) -> 1 | L87: =INDEX(tbl_material[],MATCH(L$12,tbl_material[material],0),MATCH(RP_wood!$C$87,tbl_material[#Headers],0)) -> 1 | O87: =INDEX(tbl_material[],MATCH(O$12,tbl_material[material],0),MATCH(RP_wood!$C$87,tbl_material[#Headers],0)) -> 1 | R87: =INDEX(tbl_material[],MATCH(R$12,tbl_material[material],0),MATCH(RP_wood!$C$87,tbl_material[#Headers],0)) -> #N/A | U87: =INDEX(tbl_material[],MATCH(U$12,tbl_material[material],0),MATCH(RP_wood!$C$87,tbl_material[#Headers],0)) -> #N/A
C88: recycling rate | D88: of collected manufacturing losses | E88: - | F88: =INDEX(tbl_material[],MATCH(F$12,tbl_material[material],0),MATCH(RP_wood!$C$88,tbl_material[#Headers],0)) -> 0 | I88: =INDEX(tbl_material[],MATCH(I$12,tbl_material[material],0),MATCH(RP_wood!$C$88,tbl_material[#Headers],0)) -> 0 | L88: =INDEX(tbl_material[],MATCH(L$12,tbl_material[material],0),MATCH(RP_wood!$C$88,tbl_material[#Headers],0)) -> 0 | O88: =INDEX(tbl_material[],MATCH(O$12,tbl_material[material],0),MATCH(RP_wood!$C$88,tbl_material[#Headers],0)) -> 0 | R88: =INDEX(tbl_material[],MATCH(R$12,tbl_material[material],0),MATCH(RP_wood!$C$88,tbl_material[#Headers],0)) -> #N/A | U88: =INDEX(tbl_material[],MATCH(U$12,tbl_material[material],0),MATCH(RP_wood!$C$88,tbl_material[#Headers],0)) -> #N/A
C89: cascading rate | D89: of collected manufacturing losses | E89: - | F89: =INDEX(tbl_material[],MATCH(F$12,tbl_material[material],0),MATCH(RP_wood!$C$89,tbl_material[#Headers],0)) -> 0 | I89: =INDEX(tbl_material[],MATCH(I$12,tbl_material[material],0),MATCH(RP_wood!$C$89,tbl_material[#Headers],0)) -> 0 | L89: =INDEX(tbl_material[],MATCH(L$12,tbl_material[material],0),MATCH(RP_wood!$C$89,tbl_material[#Headers],0)) -> 0 | O89: =INDEX(tbl_material[],MATCH(O$12,tbl_material[material],0),MATCH(RP_wood!$C$89,tbl_material[#Headers],0)) -> 0 | R89: =INDEX(tbl_material[],MATCH(R$12,tbl_material[material],0),MATCH(RP_wood!$C$89,tbl_material[#Headers],0)) -> #N/A | U89: =INDEX(tbl_material[],MATCH(U$12,tbl_material[material],0),MATCH(RP_wood!$C$89,tbl_material[#Headers],0)) -> #N/A
C90: loss rate | D90: of collected manufacturing losses | E90: - | F90: =1-F87+F87*(1-F88-F89) -> 1 | I90: =1-I87+I87*(1-I88-I89) -> 1 | L90: =1-L87+L87*(1-L88-L89) -> 1 | O90: =1-O87+O87*(1-O88-O89) -> 1 | R90: =1-R87+R87*(1-R88-R89) -> #N/A | U90: =1-U87+U87*(1-U88-U89) -> #N/A
C92: collection rate | D92: of EoL products | E92: - | F92: =INDEX(tbl_material[],MATCH(F$12,tbl_material[material],0),MATCH(RP_wood!$F$6,tbl_material[#Headers],0)) -> 0.5 | I92: =INDEX(tbl_material[],MATCH(I$12,tbl_material[material],0),MATCH(RP_wood!$I$6,tbl_material[#Headers],0)) -> 0.5 | L92: =INDEX(tbl_material[],MATCH(L$12,tbl_material[material],0),MATCH(RP_wood!$I$6,tbl_material[#Headers],0)) -> 0.5 | O92: =INDEX(tbl_material[],MATCH(O$12,tbl_material[material],0),MATCH(RP_wood!$I$6,tbl_material[#Headers],0)) -> 0.5 | R92: =INDEX(tbl_material[],MATCH(R$12,tbl_material[material],0),MATCH(RP_wood!$I$6,tbl_material[#Headers],0)) -> #N/A | U92: =INDEX(tbl_material[],MATCH(U$12,tbl_material[material],0),MATCH(RP_wood!$I$6,tbl_material[#Headers],0)) -> #N/A
C93: recycling rate | D93: of collected EoL products (coating) | E93: - | F93: =INDEX(tbl_material[],MATCH(F$12,tbl_material[material],0),MATCH(RP_wood!$F$7,tbl_material[#Headers],0)) -> 0 | I93: =INDEX(tbl_material[],MATCH(I$12,tbl_material[material],0),MATCH(RP_wood!$F$7,tbl_material[#Headers],0)) -> 0 | L93: =INDEX(tbl_material[],MATCH(L$12,tbl_material[material],0),MATCH(RP_wood!$F$7,tbl_material[#Headers],0)) -> 0 | O93: =INDEX(tbl_material[],MATCH(O$12,tbl_material[material],0),MATCH(RP_wood!$F$7,tbl_material[#Headers],0)) -> 0 | R93: =INDEX(tbl_material[],MATCH(R$12,tbl_material[material],0),MATCH(RP_wood!$F$7,tbl_material[#Headers],0)) -> #N/A | U93: =INDEX(tbl_material[],MATCH(U$12,tbl_material[material],0),MATCH(RP_wood!$F$7,tbl_material[#Headers],0)) -> #N/A
C94: cascading rate | D94: of collected EoL products (coating) | E94: - | F94: =INDEX(tbl_material[],MATCH(F$12,tbl_material[material],0),MATCH(RP_wood!$F$8,tbl_material[#Headers],0)) -> 0 | I94: =INDEX(tbl_material[],MATCH(I$12,tbl_material[material],0),MATCH(RP_wood!$F$8,tbl_material[#Headers],0)) -> 0 | L94: =INDEX(tbl_material[],MATCH(L$12,tbl_material[material],0),MATCH(RP_wood!$F$8,tbl_material[#Headers],0)) -> 0 | O94: =INDEX(tbl_material[],MATCH(O$12,tbl_material[material],0),MATCH(RP_wood!$F$8,tbl_material[#Headers],0)) -> 0 | R94: =INDEX(tbl_material[],MATCH(R$12,tbl_material[material],0),MATCH(RP_wood!$F$8,tbl_material[#Headers],0)) -> #N/A | U94: =INDEX(tbl_material[],MATCH(U$12,tbl_material[material],0),MATCH(RP_wood!$F$8,tbl_material[#Headers],0)) -> #N/A
C95: loss rate | D95: of collected EoL products (coating) | E95: - | F95: =1-F92+F92*(1-F93-F94) -> 1 | I95: =1-I92+I92*(1-I93-I94) -> 1 | L95: =1-L92+L92*(1-L93-L94) -> 1 | O95: =1-O92+O92*(1-O93-O94) -> 1 | R95: =1-R92+R92*(1-R93-R94) -> #N/A | U95: =1-U92+U92*(1-U93-U94) -> #N/A
C97: recyclability | D97: overall | E97: - | F97: =(F87*F88*F83+F92*F93)/(1+F83) -> 0 | I97: =(I87*I88*I83+I92*I93)/(1+I83) -> 0 | L97: =(L87*L88*L83+L92*L93)/(1+L83) -> 0 | O97: =(O87*O88*O83+O92*O93)/(1+O83) -> 0 | R97: =(R87*R88*R83+R92*R93)/(1+R83) -> #N/A | U97: =(U87*U88*U83+U92*U93)/(1+U83) -> #N/A
C98: cascadability | D98: overall | E98: - | F98: =(F87*F89*F83+F92*F94)/(1+F83) -> 0 | I98: =(I87*I89*I83+I92*I94)/(1+I83) -> 0 | L98: =(L87*L89*L83+L92*L94)/(1+L83) -> 0 | O98: =(O87*O89*O83+O92*O94)/(1+O83) -> 0 | R98: =(R87*R89*R83+R92*R94)/(1+R83) -> #N/A | U98: =(U87*U89*U83+U92*U94)/(1+U83) -> #N/A
C99: final loss | D99: overall | E99: - | F99: =1-F97-F98 -> 1 | I99: =1-I97-I98 -> 1 | L99: =1-L97-L98 -> 1 | O99: =1-O97-O98 -> 1 | R99: =1-R97-R98 -> #N/A | U99: =1-U97-U98 -> #N/A
B101: τ | C101: ressource pressure | D101: coating | E101: - | F101: =(0.5*F82/F77)*(1+F83)*(1/lifetime_wood)*(1+F79*(1-F97)-F97-F98) -> 2.1389086e-12 | I101: =(0.5*I82/I77)*(1+I83)*(1/lifetime_wood)*(1+I79*(1-I97)-I97-I98) -> 2.1389086e-12 | L101: =(0.5*L82/L77)*(1+L83)*(1/lifetime_wood)*(1+L79*(1-L97)-L97-L98) -> 2.1389086e-12 | O101: =(0.5*O82/O77)*(1+O83)*(1/lifetime_wood)*(1+O79*(1-O97)-O97-O98) -> 2.1389086e-12 | R101: =(0.5*R82/R77)*(1+R83)*(1/lifetime_wood)*(1+R79*(1-R97)-R97-R98) -> #N/A | U101: =(0.5*U82/U77)*(1+U83)*(1/lifetime_wood)*(1+U79*(1-U97)-U97-U98) -> #N/A
A104: electricity | B104: el | C104: electricity | G104: share | J104: share | M104: share | P104: share | S104: share | V104: share
B105: ERP | C105: Environmental Ressource Potential | D105: el, coal | E105: kWh/a | F105: =VLOOKUP($D105,tbl_ERP[],7,0) -> 7.5680604e+11 | G105: =INDEX(tbl_electricity[],MATCH($D$105,tbl_electricity[ERP identifier],0),MATCH(RP_wood!F$13,tbl_electricity[#Headers],0)) -> 0 | I105: =VLOOKUP($D105,tbl_ERP[],7,0) -> 7.5680604e+11 | J105: =INDEX(tbl_electricity[],MATCH($D$105,tbl_electricity[ERP identifier],0),MATCH(RP_wood!I$13,tbl_electricity[#Headers],0)) -> 0 | L105: =VLOOKUP($D105,tbl_ERP[],7,0) -> 7.5680604e+11 | M105: =INDEX(tbl_electricity[],MATCH($D$105,tbl_electricity[ERP identifier],0),MATCH(RP_wood!L$13,tbl_electricity[#Headers],0)) -> 0 | O105: =VLOOKUP($D105,tbl_ERP[],7,0) -> 7.5680604e+11 | P105: 1 | R105: =VLOOKUP($D105,tbl_ERP[],7,0) -> 7.5680604e+11 | S105: =INDEX(tbl_electricity[],MATCH($D$105,tbl_electricity[ERP identifier],0),MATCH(RP_wood!R$13,tbl_electricity[#Headers],0)) -> #N/A | U105: =VLOOKUP($D105,tbl_ERP[],7,0) -> 7.5680604e+11 | V105: =INDEX(tbl_electricity[],MATCH($D$105,tbl_electricity[ERP identifier],0),MATCH(RP_wood!U$13,tbl_electricity[#Headers],0)) -> #N/A
D106: el, oil | E106: kWh/a | F106: =VLOOKUP($D106,tbl_ERP[],7,0) -> 8.802081e+11 | G106: =INDEX(tbl_electricity[],MATCH($D$106,tbl_electricity[ERP identifier],0),MATCH(RP_wood!F$13,tbl_electricity[#Headers],0)) -> 0 | I106: =VLOOKUP($D106,tbl_ERP[],7,0) -> 8.802081e+11 | J106: =INDEX(tbl_electricity[],MATCH($D$106,tbl_electricity[ERP identifier],0),MATCH(RP_wood!I$13,tbl_electricity[#Headers],0)) -> 0 | L106: =VLOOKUP($D106,tbl_ERP[],7,0) -> 8.802081e+11 | M106: =INDEX(tbl_electricity[],MATCH($D$106,tbl_electricity[ERP identifier],0),MATCH(RP_wood!L$13,tbl_electricity[#Headers],0)) -> 0 | O106: =VLOOKUP($D106,tbl_ERP[],7,0) -> 8.802081e+11 | P106: =INDEX(tbl_electricity[],MATCH($D$106,tbl_electricity[ERP identifier],0),MATCH(RP_wood!O$13,tbl_electricity[#Headers],0)) -> 0 | R106: =VLOOKUP($D106,tbl_ERP[],7,0) -> 8.802081e+11 | S106: =INDEX(tbl_electricity[],MATCH($D$106,tbl_electricity[ERP identifier],0),MATCH(RP_wood!R$13,tbl_electricity[#Headers],0)) -> #N/A | U106: =VLOOKUP($D106,tbl_ERP[],7,0) -> 8.802081e+11 | V106: =INDEX(tbl_electricity[],MATCH($D$106,tbl_electricity[ERP identifier],0),MATCH(RP_wood!U$13,tbl_electricity[#Headers],0)) -> #N/A
D107: el, gas | E107: kWh/a | F107: =VLOOKUP($D107,tbl_ERP[],7,0) -> 1.4210338e+12 | G107: =INDEX(tbl_electricity[],MATCH($D$107,tbl_electricity[ERP identifier],0),MATCH(RP_wood!F$13,tbl_electricity[#Headers],0)) -> 0.019 | I107: =VLOOKUP($D107,tbl_ERP[],7,0) -> 1.4210338e+12 | J107: =INDEX(tbl_electricity[],MATCH($D$107,tbl_electricity[ERP identifier],0),MATCH(RP_wood!I$13,tbl_electricity[#Headers],0)) -> 0.019 | L107: =VLOOKUP($D107,tbl_ERP[],7,0) -> 1.4210338e+12 | M107: =INDEX(tbl_electricity[],MATCH($D$107,tbl_electricity[ERP identifier],0),MATCH(RP_wood!L$13,tbl_electricity[#Headers],0)) -> 0 | O107: =VLOOKUP($D107,tbl_ERP[],7,0) -> 1.4210338e+12 | P107: 0 | R107: =VLOOKUP($D107,tbl_ERP[],7,0) -> 1.4210338e+12 | S107: =INDEX(tbl_electricity[],MATCH($D$107,tbl_electricity[ERP identifier],0),MATCH(RP_wood!R$13,tbl_electricity[#Headers],0)) -> #N/A | U107: =VLOOKUP($D107,tbl_ERP[],7,0) -> 1.4210338e+12 | V107: =INDEX(tbl_electricity[],MATCH($D$107,tbl_electricity[ERP identifier],0),MATCH(RP_wood!U$13,tbl_electricity[#Headers],0)) -> #N/A
D108: el, nuclear | E108: kWh/a | F108: =VLOOKUP($D108,tbl_ERP[],7,0) -> 7.0311942e+12 | G108: =INDEX(tbl_electricity[],MATCH($D$108,tbl_electricity[ERP identifier],0),MATCH(RP_wood!F$13,tbl_electricity[#Headers],0)) -> 0.289 | I108: =VLOOKUP($D108,tbl_ERP[],7,0) -> 7.0311942e+12 | J108: =INDEX(tbl_electricity[],MATCH($D$108,tbl_electricity[ERP identifier],0),MATCH(RP_wood!I$13,tbl_electricity[#Headers],0)) -> 0.289 | L108: =VLOOKUP($D108,tbl_ERP[],7,0) -> 7.0311942e+12 | M108: =INDEX(tbl_electricity[],MATCH($D$108,tbl_electricity[ERP identifier],0),MATCH(RP_wood!L$13,tbl_electricity[#Headers],0)) -> 0 | O108: =VLOOKUP($D108,tbl_ERP[],7,0) -> 7.0311942e+12 | P108: 0 | R108: =VLOOKUP($D108,tbl_ERP[],7,0) -> 7.0311942e+12 | S108: =INDEX(tbl_electricity[],MATCH($D$108,tbl_electricity[ERP identifier],0),MATCH(RP_wood!R$13,tbl_electricity[#Headers],0)) -> #N/A | U108: =VLOOKUP($D108,tbl_ERP[],7,0) -> 7.0311942e+12 | V108: =INDEX(tbl_electricity[],MATCH($D$108,tbl_electricity[ERP identifier],0),MATCH(RP_wood!U$13,tbl_electricity[#Headers],0)) -> #N/A
D109: el, wind, on | E109: kWh/a | F109: =VLOOKUP($D109,tbl_ERP[],7,0) -> 1130000000000 | G109: =INDEX(tbl_electricity[],MATCH($D$109,tbl_electricity[ERP identifier],0),MATCH(RP_wood!F$13,tbl_electricity[#Headers],0)) -> 0.01 | I109: =VLOOKUP($D109,tbl_ERP[],7,0) -> 1130000000000 | J109: =INDEX(tbl_electricity[],MATCH($D$109,tbl_electricity[ERP identifier],0),MATCH(RP_wood!I$13,tbl_electricity[#Headers],0)) -> 0.01 | L109: =VLOOKUP($D109,tbl_ERP[],7,0) -> 1130000000000 | M109: =INDEX(tbl_electricity[],MATCH($D$109,tbl_electricity[ERP identifier],0),MATCH(RP_wood!L$13,tbl_electricity[#Headers],0)) -> 0.1 | O109: =VLOOKUP($D109,tbl_ERP[],7,0) -> 1130000000000 | P109: 0 | R109: =VLOOKUP($D109,tbl_ERP[],7,0) -> 1130000000000 | S109: =INDEX(tbl_electricity[],MATCH($D$109,tbl_electricity[ERP identifier],0),MATCH(RP_wood!R$13,tbl_electricity[#Headers],0)) -> #N/A | U109: =VLOOKUP($D109,tbl_ERP[],7,0) -> 1130000000000 | V109: =INDEX(tbl_electricity[],MATCH($D$109,tbl_electricity[ERP identifier],0),MATCH(RP_wood!U$13,tbl_electricity[#Headers],0)) -> #N/A
D110: el, wind, off | E110: kWh/a | F110: =VLOOKUP($D110,tbl_ERP[],7,0) -> 984000000000 | G110: =INDEX(tbl_electricity[],MATCH($D$110,tbl_electricity[ERP identifier],0),MATCH(RP_wood!F$13,tbl_electricity[#Headers],0)) -> 0 | I110: =VLOOKUP($D110,tbl_ERP[],7,0) -> 984000000000 | J110: =INDEX(tbl_electricity[],MATCH($D$110,tbl_electricity[ERP identifier],0),MATCH(RP_wood!I$13,tbl_electricity[#Headers],0)) -> 0 | L110: =VLOOKUP($D110,tbl_ERP[],7,0) -> 984000000000 | M110: =INDEX(tbl_electricity[],MATCH($D$110,tbl_electricity[ERP identifier],0),MATCH(RP_wood!L$13,tbl_electricity[#Headers],0)) -> 0 | O110: =VLOOKUP($D110,tbl_ERP[],7,0) -> 984000000000 | P110: =INDEX(tbl_electricity[],MATCH($D$110,tbl_electricity[ERP identifier],0),MATCH(RP_wood!O$13,tbl_electricity[#Headers],0)) -> 0 | R110: =VLOOKUP($D110,tbl_ERP[],7,0) -> 984000000000 | S110: =INDEX(tbl_electricity[],MATCH($D$110,tbl_electricity[ERP identifier],0),MATCH(RP_wood!R$13,tbl_electricity[#Headers],0)) -> #N/A | U110: =VLOOKUP($D110,tbl_ERP[],7,0) -> 984000000000 | V110: =INDEX(tbl_electricity[],MATCH($D$110,tbl_electricity[ERP identifier],0),MATCH(RP_wood!U$13,tbl_electricity[#Headers],0)) -> #N/A
D111: el, geo | E111: kWh/a | F111: =VLOOKUP($D111,tbl_ERP[],7,0) -> 2548000000000 | G111: =INDEX(tbl_electricity[],MATCH($D$111,tbl_electricity[ERP identifier],0),MATCH(RP_wood!F$13,tbl_electricity[#Headers],0)) -> 0 | I111: =VLOOKUP($D111,tbl_ERP[],7,0) -> 2548000000000 | J111: =INDEX(tbl_electricity[],MATCH($D$111,tbl_electricity[ERP identifier],0),MATCH(RP_wood!I$13,tbl_electricity[#Headers],0)) -> 0 | L111: =VLOOKUP($D111,tbl_ERP[],7,0) -> 2548000000000 | M111: =INDEX(tbl_electricity[],MATCH($D$111,tbl_electricity[ERP identifier],0),MATCH(RP_wood!L$13,tbl_electricity[#Headers],0)) -> 0 | O111: =VLOOKUP($D111,tbl_ERP[],7,0) -> 2548000000000 | P111: =INDEX(tbl_electricity[],MATCH($D$111,tbl_electricity[ERP identifier],0),MATCH(RP_wood!O$13,tbl_electricity[#Headers],0)) -> 0 | R111: =VLOOKUP($D111,tbl_ERP[],7,0) -> 2548000000000 | S111: =INDEX(tbl_electricity[],MATCH($D$111,tbl_electricity[ERP identifier],0),MATCH(RP_wood!R$13,tbl_electricity[#Headers],0)) -> #N/A | U111: =VLOOKUP($D111,tbl_ERP[],7,0) -> 2548000000000 | V111: =INDEX(tbl_electricity[],MATCH($D$111,tbl_electricity[ERP identifier],0),MATCH(RP_wood!U$13,tbl_electricity[#Headers],0)) -> #N/A
D112: el, wood | E112: kWh/a | F112: =VLOOKUP($D112,tbl_ERP[],7,0) -> 1120000000000 | G112: =INDEX(tbl_electricity[],MATCH($D$112,tbl_electricity[ERP identifier],0),MATCH(RP_wood!F$13,tbl_electricity[#Headers],0)) -> 0.02 | I112: =VLOOKUP($D112,tbl_ERP[],7,0) -> 1120000000000 | J112: =INDEX(tbl_electricity[],MATCH($D$112,tbl_electricity[ERP identifier],0),MATCH(RP_wood!I$13,tbl_electricity[#Headers],0)) -> 0.02 | L112: =VLOOKUP($D112,tbl_ERP[],7,0) -> 1120000000000 | M112: =INDEX(tbl_electricity[],MATCH($D$112,tbl_electricity[ERP identifier],0),MATCH(RP_wood!L$13,tbl_electricity[#Headers],0)) -> 0.02 | O112: =VLOOKUP($D112,tbl_ERP[],7,0) -> 1120000000000 | P112: 0 | R112: =VLOOKUP($D112,tbl_ERP[],7,0) -> 1120000000000 | S112: =INDEX(tbl_electricity[],MATCH($D$112,tbl_electricity[ERP identifier],0),MATCH(RP_wood!R$13,tbl_electricity[#Headers],0)) -> #N/A | U112: =VLOOKUP($D112,tbl_ERP[],7,0) -> 1120000000000 | V112: =INDEX(tbl_electricity[],MATCH($D$112,tbl_electricity[ERP identifier],0),MATCH(RP_wood!U$13,tbl_electricity[#Headers],0)) -> #N/A
D113: el, hydro | E113: kWh/a | F113: =VLOOKUP($D113,tbl_ERP[],7,0) -> 3669000000000 | G113: =INDEX(tbl_electricity[],MATCH($D$113,tbl_electricity[ERP identifier],0),MATCH(RP_wood!F$13,tbl_electricity[#Headers],0)) -> 0.6435 | I113: =VLOOKUP($D113,tbl_ERP[],7,0) -> 3669000000000 | J113: =INDEX(tbl_electricity[],MATCH($D$113,tbl_electricity[ERP identifier],0),MATCH(RP_wood!I$13,tbl_electricity[#Headers],0)) -> 0.6435 | L113: =VLOOKUP($D113,tbl_ERP[],7,0) -> 3669000000000 | M113: =INDEX(tbl_electricity[],MATCH($D$113,tbl_electricity[ERP identifier],0),MATCH(RP_wood!L$13,tbl_electricity[#Headers],0)) -> 0.38 | O113: =VLOOKUP($D113,tbl_ERP[],7,0) -> 3669000000000 | P113: 0 | R113: =VLOOKUP($D113,tbl_ERP[],7,0) -> 3669000000000 | S113: =INDEX(tbl_electricity[],MATCH($D$113,tbl_electricity[ERP identifier],0),MATCH(RP_wood!R$13,tbl_electricity[#Headers],0)) -> #N/A | U113: =VLOOKUP($D113,tbl_ERP[],7,0) -> 3669000000000 | V113: =INDEX(tbl_electricity[],MATCH($D$113,tbl_electricity[ERP identifier],0),MATCH(RP_wood!U$13,tbl_electricity[#Headers],0)) -> #N/A
D114: el, PV, desert | E114: kWh/a | F114: =VLOOKUP($D114,tbl_ERP[],7,0) -> 2.0237444e+13 | G114: =INDEX(tbl_electricity[],MATCH($D$114,tbl_electricity[ERP identifier],0),MATCH(RP_wood!F$13,tbl_electricity[#Headers],0)) -> 0 | I114: =VLOOKUP($D114,tbl_ERP[],7,0) -> 2.0237444e+13 | J114: =INDEX(tbl_electricity[],MATCH($D$114,tbl_electricity[ERP identifier],0),MATCH(RP_wood!I$13,tbl_electricity[#Headers],0)) -> 0 | L114: =VLOOKUP($D114,tbl_ERP[],7,0) -> 2.0237444e+13 | M114: =INDEX(tbl_electricity[],MATCH($D$114,tbl_electricity[ERP identifier],0),MATCH(RP_wood!L$13,tbl_electricity[#Headers],0)) -> 0 | O114: =VLOOKUP($D114,tbl_ERP[],7,0) -> 2.0237444e+13 | P114: =INDEX(tbl_electricity[],MATCH($D$114,tbl_electricity[ERP identifier],0),MATCH(RP_wood!O$13,tbl_electricity[#Headers],0)) -> 0 | R114: =VLOOKUP($D114,tbl_ERP[],7,0) -> 2.0237444e+13 | S114: =INDEX(tbl_electricity[],MATCH($D$114,tbl_electricity[ERP identifier],0),MATCH(RP_wood!R$13,tbl_electricity[#Headers],0)) -> #N/A | U114: =VLOOKUP($D114,tbl_ERP[],7,0) -> 2.0237444e+13 | V114: =INDEX(tbl_electricity[],MATCH($D$114,tbl_electricity[ERP identifier],0),MATCH(RP_wood!U$13,tbl_electricity[#Headers],0)) -> #N/A
D115: el, PV, roof | E115: kWh/a | F115: =VLOOKUP($D115,tbl_ERP[],7,0) -> 2.8108667e+13 | G115: =INDEX(tbl_electricity[],MATCH($D$115,tbl_electricity[ERP identifier],0),MATCH(RP_wood!F$13,tbl_electricity[#Headers],0)) -> 0.0185 | I115: =VLOOKUP($D115,tbl_ERP[],7,0) -> 2.8108667e+13 | J115: =INDEX(tbl_electricity[],MATCH($D$115,tbl_electricity[ERP identifier],0),MATCH(RP_wood!I$13,tbl_electricity[#Headers],0)) -> 0.0185 | L115: =VLOOKUP($D115,tbl_ERP[],7,0) -> 2.8108667e+13 | M115: =INDEX(tbl_electricity[],MATCH($D$115,tbl_electricity[ERP identifier],0),MATCH(RP_wood!L$13,tbl_electricity[#Headers],0)) -> 0.5 | O115: =VLOOKUP($D115,tbl_ERP[],7,0) -> 2.8108667e+13 | P115: 0 | R115: =VLOOKUP($D115,tbl_ERP[],7,0) -> 2.8108667e+13 | S115: =INDEX(tbl_electricity[],MATCH($D$115,tbl_electricity[ERP identifier],0),MATCH(RP_wood!R$13,tbl_electricity[#Headers],0)) -> #N/A | U115: =VLOOKUP($D115,tbl_ERP[],7,0) -> 2.8108667e+13 | V115: =INDEX(tbl_electricity[],MATCH($D$115,tbl_electricity[ERP identifier],0),MATCH(RP_wood!U$13,tbl_electricity[#Headers],0)) -> #N/A
C117: electricity required | D117: electricity to manufacture product | E117: kWh | F117: =F$29*INDEX(tbl_material[],MATCH(F$10,tbl_material[material],0),MATCH(RP_wood!$D$117,tbl_material[#Headers],0))+F$57*INDEX(tbl_material[],MATCH(F$11,tbl_material[material],0),MATCH(RP_wood!$D$117,tbl_material[#Headers],0))+F$85*INDEX(tbl_material[],MATCH(F$12,tbl_material[material],0),MATCH(RP_wood!$D$117,tbl_material[#Headers],0)) -> 286 | I117: =I$29*INDEX(tbl_material[],MATCH(I$10,tbl_material[material],0),MATCH(RP_wood!$D$117,tbl_material[#Headers],0))+I$57*INDEX(tbl_material[],MATCH(I$11,tbl_material[material],0),MATCH(RP_wood!$D$117,tbl_material[#Headers],0))+I$85*INDEX(tbl_material[],MATCH(I$12,tbl_material[material],0),MATCH(RP_wood!$D$117,tbl_material[#Headers],0)) -> 286 | L117: =L$29*INDEX(tbl_material[],MATCH(L$10,tbl_material[material],0),MATCH(RP_wood!$D$117,tbl_material[#Headers],0))+L$57*INDEX(tbl_material[],MATCH(L$11,tbl_material[material],0),MATCH(RP_wood!$D$117,tbl_material[#Headers],0))+L$85*INDEX(tbl_material[],MATCH(L$12,tbl_material[material],0),MATCH(RP_wood!$D$117,tbl_material[#Headers],0)) -> 286 | O117: =O$29*INDEX(tbl_material[],MATCH(O$10,tbl_material[material],0),MATCH(RP_wood!$D$117,tbl_material[#Headers],0))+O$57*INDEX(tbl_material[],MATCH(O$11,tbl_material[material],0),MATCH(RP_wood!$D$117,tbl_material[#Headers],0))+O$85*INDEX(tbl_material[],MATCH(O$12,tbl_material[material],0),MATCH(RP_wood!$D$117,tbl_material[#Headers],0)) -> 286 | R117: =R$29*INDEX(tbl_material[],MATCH(R$10,tbl_material[material],0),MATCH(RP_wood!$D$117,tbl_material[#Headers],0))+R$57*INDEX(tbl_material[],MATCH(R$11,tbl_material[material],0),MATCH(RP_wood!$D$117,tbl_material[#Headers],0))+R$85*INDEX(tbl_material[],MATCH(R$12,tbl_material[material],0),MATCH(RP_wood!$D$117,tbl_material[#Headers],0)) -> #N/A | U117: =U$29*INDEX(tbl_material[],MATCH(U$10,tbl_material[material],0),MATCH(RP_wood!$D$117,tbl_material[#Headers],0))+U$57*INDEX(tbl_material[],MATCH(U$11,tbl_material[material],0),MATCH(RP_wood!$D$117,tbl_material[#Headers],0))+U$85*INDEX(tbl_material[],MATCH(U$12,tbl_material[material],0),MATCH(RP_wood!$D$117,tbl_material[#Headers],0)) -> #N/A
C118: electricity required | D118: electricity to heat | E118: kWh | F118: =G131*(F133+F134)*heat_pump_factor -> 0 | I118: =J131*(I133+I134)*heat_pump_factor -> 0 | L118: =M131*(L133+L134)*heat_pump_factor -> 2.178 | O118: =P131*(O133+O134)*heat_pump_factor -> 0 | R118: =S131*(R133+R134)*heat_pump_factor -> #N/A | U118: =V131*(U133+U134)*heat_pump_factor -> #N/A
C119: electricity required | D119: electricity to recycle/cascade product | E119: kWh | F119: =F$29*INDEX(tbl_material[],MATCH(F$10,tbl_material[material],0),MATCH(RP_wood!$D$119,tbl_material[#Headers],0))+F$57*INDEX(tbl_material[],MATCH(F$11,tbl_material[material],0),MATCH(RP_wood!$D$119,tbl_material[#Headers],0))+F$85*INDEX(tbl_material[],MATCH(F$12,tbl_material[material],0),MATCH(RP_wood!$D$119,tbl_material[#Headers],0)) -> 51.7 | I119: =I$29*INDEX(tbl_material[],MATCH(I$10,tbl_material[material],0),MATCH(RP_wood!$D$119,tbl_material[#Headers],0))+I$57*INDEX(tbl_material[],MATCH(I$11,tbl_material[material],0),MATCH(RP_wood!$D$119,tbl_material[#Headers],0))+I$85*INDEX(tbl_material[],MATCH(I$12,tbl_material[material],0),MATCH(RP_wood!$D$119,tbl_material[#Headers],0)) -> 54.5 | L119: =L$29*INDEX(tbl_material[],MATCH(L$10,tbl_material[material],0),MATCH(RP_wood!$D$119,tbl_material[#Headers],0))+L$57*INDEX(tbl_material[],MATCH(L$11,tbl_material[material],0),MATCH(RP_wood!$D$119,tbl_material[#Headers],0))+L$85*INDEX(tbl_material[],MATCH(L$12,tbl_material[material],0),MATCH(RP_wood!$D$119,tbl_material[#Headers],0)) -> 51.7 | O119: =O$29*INDEX(tbl_material[],MATCH(O$10,tbl_material[material],0),MATCH(RP_wood!$D$119,tbl_material[#Headers],0))+O$57*INDEX(tbl_material[],MATCH(O$11,tbl_material[material],0),MATCH(RP_wood!$D$119,tbl_material[#Headers],0))+O$85*INDEX(tbl_material[],MATCH(O$12,tbl_material[material],0),MATCH(RP_wood!$D$119,tbl_material[#Headers],0)) -> 51.7 | R119: =R$29*INDEX(tbl_material[],MATCH(R$10,tbl_material[material],0),MATCH(RP_wood!$D$119,tbl_material[#Headers],0))+R$57*INDEX(tbl_material[],MATCH(R$11,tbl_material[material],0),MATCH(RP_wood!$D$119,tbl_material[#Headers],0))+R$85*INDEX(tbl_material[],MATCH(R$12,tbl_material[material],0),MATCH(RP_wood!$D$119,tbl_material[#Headers],0)) -> #N/A | U119: =U$29*INDEX(tbl_material[],MATCH(U$10,tbl_material[material],0),MATCH(RP_wood!$D$119,tbl_material[#Headers],0))+U$57*INDEX(tbl_material[],MATCH(U$11,tbl_material[material],0),MATCH(RP_wood!$D$119,tbl_material[#Headers],0))+U$85*INDEX(tbl_material[],MATCH(U$12,tbl_material[material],0),MATCH(RP_wood!$D$119,tbl_material[#Headers],0)) -> #N/A
C120: electricity required | D120: total | E120: kWh | F120: =F117+F118+F119 -> 337.7 | I120: =I117+I118+I119 -> 340.5 | L120: =L117+L118+L119 -> 339.878 | O120: =O117+O118+O119 -> 337.7 | R120: =R117+R118+R119 -> #N/A | U120: =U117+U118+U119 -> #N/A
B122: τ | C122: ressource pressure | D122: electricity | E122: - | F122: =F120/lifetime_wood*(G105/F105+G106/F106+G107/F107+G108/F108+G109/F109+G110/F110+G111/F111+G112/F112+G113/F113+G114/F114+G115/F115) -> 3.4746135e-12 | I122: =I120/lifetime_wood*(J105/I105+J106/I106+J107/I107+J108/I108+J109/I109+J110/I110+J111/I111+J112/I112+J113/I113+J114/I114+J115/I115) -> 3.5034228e-12 | L122: =L120/lifetime_wood*(M105/L105+M106/L106+M107/L107+M108/L108+M109/L109+M110/L110+M111/L111+M112/L112+M113/L113+M114/L114+M115/L115) -> 3.0957622e-12 | O122: =O120/lifetime_wood*(P105/O105+P106/O106+P107/O107+P108/O108+P109/O109+P110/O110+P111/O111+P112/O112+P113/O113+P114/O114+P115/O115) -> 1.7848695e-11 | R122: =R120/lifetime_wood*(S105/R105+S106/R106+S107/R107+S108/R108+S109/R109+S110/R110+S111/R111+S112/R112+S113/R113+S114/R114+S115/R115) -> #N/A | U122: =U120/lifetime_wood*(V105/U105+V106/U106+V107/U107+V108/U108+V109/U109+V110/U110+V111/U111+V112/U112+V113/U113+V114/U114+V115/U115) -> #N/A
A125: heat | B125: ht | C125: heat | G125: share | J125: share | M125: share | P125: share | S125: share | V125: share
B126: ERP | C126: Environmental Ressource Potential | D126: ht, gas | E126: kWh/a | F126: =VLOOKUP($D126,tbl_ERP[],7,0) -> 6.0153881e+13 | G126: =INDEX(tbl_heat[],MATCH($D$126,tbl_heat[ERP identifier],0),MATCH(RP_wood!F$14,tbl_heat[#Headers],0)) -> 0.5 | I126: =VLOOKUP($D126,tbl_ERP[],7,0) -> 6.0153881e+13 | J126: =INDEX(tbl_heat[],MATCH($D$126,tbl_heat[ERP identifier],0),MATCH(RP_wood!I$14,tbl_heat[#Headers],0)) -> 0.5 | L126: =VLOOKUP($D126,tbl_ERP[],7,0) -> 6.0153881e+13 | M126: =INDEX(tbl_heat[],MATCH($D$126,tbl_heat[ERP identifier],0),MATCH(RP_wood!L$14,tbl_heat[#Headers],0)) -> 0 | O126: =VLOOKUP($D126,tbl_ERP[],7,0) -> 6.0153881e+13 | P126: 0 | R126: =VLOOKUP($D126,tbl_ERP[],7,0) -> 6.0153881e+13 | S126: =INDEX(tbl_heat[],MATCH($D$126,tbl_heat[ERP identifier],0),MATCH(RP_wood!R$14,tbl_heat[#Headers],0)) -> #N/A | U126: =VLOOKUP($D126,tbl_ERP[],7,0) -> 6.0153881e+13 | V126: =INDEX(tbl_heat[],MATCH($D$126,tbl_heat[ERP identifier],0),MATCH(RP_wood!U$14,tbl_heat[#Headers],0)) -> #N/A
D127: ht, propane | E127: kWh/a | F127: =VLOOKUP($D127,tbl_ERP[],7,0) -> 3.5511569e+13 | G127: =INDEX(tbl_heat[],MATCH($D$127,tbl_heat[ERP identifier],0),MATCH(RP_wood!F$14,tbl_heat[#Headers],0)) -> 0 | I127: =VLOOKUP($D127,tbl_ERP[],7,0) -> 3.5511569e+13 | J127: =INDEX(tbl_heat[],MATCH($D$127,tbl_heat[ERP identifier],0),MATCH(RP_wood!I$14,tbl_heat[#Headers],0)) -> 0 | L127: =VLOOKUP($D127,tbl_ERP[],7,0) -> 3.5511569e+13 | M127: =INDEX(tbl_heat[],MATCH($D$127,tbl_heat[ERP identifier],0),MATCH(RP_wood!L$14,tbl_heat[#Headers],0)) -> 0 | O127: =VLOOKUP($D127,tbl_ERP[],7,0) -> 3.5511569e+13 | P127: =INDEX(tbl_heat[],MATCH($D$127,tbl_heat[ERP identifier],0),MATCH(RP_wood!O$14,tbl_heat[#Headers],0)) -> 0 | R127: =VLOOKUP($D127,tbl_ERP[],7,0) -> 3.5511569e+13 | S127: =INDEX(tbl_heat[],MATCH($D$127,tbl_heat[ERP identifier],0),MATCH(RP_wood!R$14,tbl_heat[#Headers],0)) -> #N/A | U127: =VLOOKUP($D127,tbl_ERP[],7,0) -> 3.5511569e+13 | V127: =INDEX(tbl_heat[],MATCH($D$127,tbl_heat[ERP identifier],0),MATCH(RP_wood!U$14,tbl_heat[#Headers],0)) -> #N/A
D128: ht, oil | E128: kWh/a | F128: =VLOOKUP($D128,tbl_ERP[],7,0) -> 3.3059022e+13 | G128: =INDEX(tbl_heat[],MATCH($D$128,tbl_heat[ERP identifier],0),MATCH(RP_wood!F$14,tbl_heat[#Headers],0)) -> 0.5 | I128: =VLOOKUP($D128,tbl_ERP[],7,0) -> 3.3059022e+13 | J128: =INDEX(tbl_heat[],MATCH($D$128,tbl_heat[ERP identifier],0),MATCH(RP_wood!I$14,tbl_heat[#Headers],0)) -> 0.5 | L128: =VLOOKUP($D128,tbl_ERP[],7,0) -> 3.3059022e+13 | M128: =INDEX(tbl_heat[],MATCH($D$128,tbl_heat[ERP identifier],0),MATCH(RP_wood!L$14,tbl_heat[#Headers],0)) -> 0 | O128: =VLOOKUP($D128,tbl_ERP[],7,0) -> 3.3059022e+13 | P128: 1 | R128: =VLOOKUP($D128,tbl_ERP[],7,0) -> 3.3059022e+13 | S128: =INDEX(tbl_heat[],MATCH($D$128,tbl_heat[ERP identifier],0),MATCH(RP_wood!R$14,tbl_heat[#Headers],0)) -> #N/A | U128: =VLOOKUP($D128,tbl_ERP[],7,0) -> 3.3059022e+13 | V128: =INDEX(tbl_heat[],MATCH($D$128,tbl_heat[ERP identifier],0),MATCH(RP_wood!U$14,tbl_heat[#Headers],0)) -> #N/A
D129: ht, wood | E129: kWh/a | F129: =VLOOKUP($D129,tbl_ERP[],7,0) -> 4480000000000 | G129: =INDEX(tbl_heat[],MATCH($D$129,tbl_heat[ERP identifier],0),MATCH(RP_wood!F$14,tbl_heat[#Headers],0)) -> 0 | I129: =VLOOKUP($D129,tbl_ERP[],7,0) -> 4480000000000 | J129: =INDEX(tbl_heat[],MATCH($D$129,tbl_heat[ERP identifier],0),MATCH(RP_wood!I$14,tbl_heat[#Headers],0)) -> 0 | L129: =VLOOKUP($D129,tbl_ERP[],7,0) -> 4480000000000 | M129: =INDEX(tbl_heat[],MATCH($D$129,tbl_heat[ERP identifier],0),MATCH(RP_wood!L$14,tbl_heat[#Headers],0)) -> 0 | O129: =VLOOKUP($D129,tbl_ERP[],7,0) -> 4480000000000 | P129: =INDEX(tbl_heat[],MATCH($D$129,tbl_heat[ERP identifier],0),MATCH(RP_wood!O$14,tbl_heat[#Headers],0)) -> 0 | R129: =VLOOKUP($D129,tbl_ERP[],7,0) -> 4480000000000 | S129: =INDEX(tbl_heat[],MATCH($D$129,tbl_heat[ERP identifier],0),MATCH(RP_wood!R$14,tbl_heat[#Headers],0)) -> #N/A | U129: =VLOOKUP($D129,tbl_ERP[],7,0) -> 4480000000000 | V129: =INDEX(tbl_heat[],MATCH($D$129,tbl_heat[ERP identifier],0),MATCH(RP_wood!U$14,tbl_heat[#Headers],0)) -> #N/A
...

Sheet RP_concrete
A1: Resource Pressure Calculation
A3: concrete | D3: option | F3: co_01 | I3: co_02 | L3: co_03 | O3: co_04 | R3: co_05
D4: description | F4: concrete basic 40 Jahre | I4: concrete green 40 Jahre
D5: primary material content | F5: basic_primary material content | I5: green_primary material content
D6: collection rate of EoL sleeper materials | F6: basic_collection rate | I6: green_collection rate
D7: recycling rate of collected EoL sleeper materials | F7: basic_recycling rate | I7: green_recycling rate
D8: cascading rate of collected EoL sleeper materials | F8: basic_cascading rate | I8: green_cascading rate
G9: τ | J9: τ | M9: τ | P9: τ | S9: τ
D10: bulk material 1 | F10: cement unspecified | G10: =F46 -> 2.5957925e-12 | I10: cement unspecified | J10: =I46 -> 2.1121044e-12 | M10: =L46 -> #N/A | P10: =O46 -> #N/A | S10: =R46 -> #N/A
D11: bulk material 2 | F11: gravel | G11: =F74 -> 1.5601221e-14 | I11: gravel | J11: =I74 -> 2.7980451e-15 | M11: =L74 -> #N/A | P11: =O74 -> #N/A | S11: =R74 -> #N/A
D12: reinforcement | F12: low-alloyed steel | G12: =F102 -> 3.5753622e-13 | I12: low-alloyed steel | J12: =I102 -> 9.5150769e-14 | M12: =L102 -> #N/A | P12: =O102 -> #N/A | S12: =R102 -> #N/A
D13: form | F13: PUR | G13: =F130 -> 1.1388866e-12 | I13: PUR | J13: =I130 -> 1.0871191e-12 | M13: =L130 -> #N/A | P13: =O130 -> #N/A | S13: =R130 -> #N/A
D14: electricity | F14: basic | G14: =F151 -> 8.835725e-13 | I14: basic | J14: =I151 -> 8.835725e-13 | M14: =L151 -> #N/A | P14: =O151 -> #N/A | S14: =R151 -> #N/A
D15: heat | F15: basic | G15: =F166 -> 0 | I15: basic | J15: =I166 -> 0 | M15: =L166 -> #N/A | P15: =O166 -> #N/A | S15: =R166 -> #N/A
D16: transport land | F16: basic_land | G16: =F180 -> 2.4779963e-14 | I16: basic_land | J16: =I180 -> 2.4779963e-14 | M16: =L180 -> #N/A | P16: =O180 -> #N/A | S16: =R180 -> #N/A
D17: transport overseas | F17: basic_overseas | G17: =F193 -> 0 | I17: basic_overseas | J17: =I193 -> 0 | M17: =L193 -> #N/A | P17: =O193 -> #N/A | S17: =R193 -> #N/A
D18: ressource pressure | G18: =SUM(G10:G17) -> 5.016169e-12 | J18: =SUM(J10:J17) -> 4.2055248e-12 | M18: =SUM(M10:M17) -> #N/A | P18: =SUM(P10:P17) -> #N/A | S18: =SUM(S10:S17) -> #N/A
B19: Input cell
A20: aspect | B20: icon | C20: name | D20: description | E20: unit
A21: bulk material 1 | B21: mat | C21: material | D21: ERP identifier | F21: =INDEX(tbl_material[],MATCH(F$10,tbl_material[ERP identifier],0),MATCH(RP_concrete!$D$21,tbl_material[#Headers],0)) -> cement unspecified | I21: =INDEX(tbl_material[],MATCH(I$10,tbl_material[ERP identifier],0),MATCH(RP_concrete!$D$21,tbl_material[#Headers],0)) -> cement unspecified | L21: =INDEX(tbl_material[],MATCH(L$10,tbl_material[ERP identifier],0),MATCH(RP_concrete!$D$21,tbl_material[#Headers],0)) -> #N/A | O21: =INDEX(tbl_material[],MATCH(O$10,tbl_material[ERP identifier],0),MATCH(RP_concrete!$D$21,tbl_material[#Headers],0)) -> #N/A | R21: =INDEX(tbl_material[],MATCH(R$10,tbl_material[ERP identifier],0),MATCH(RP_concrete!$D$21,tbl_material[#Headers],0)) -> #N/A
B22: ERP | C22: Environmental Ressource Potential | D22: ERP effective [FU/a] | E22: kg/a | F22: =INDEX(tbl_ERP[],MATCH(F21,tbl_ERP[Identifier],0),MATCH(RP_concrete!$D$22,tbl_ERP[#Headers],0)) -> 1.3179983e+12 | I22: =INDEX(tbl_ERP[],MATCH(I21,tbl_ERP[Identifier],0),MATCH(RP_concrete!$D$22,tbl_ERP[#Headers],0)) -> 1.3179983e+12 | L22: =INDEX(tbl_ERP[],MATCH(L21,tbl_ERP[Identifier],0),MATCH(RP_concrete!$D$22,tbl_ERP[#Headers],0)) -> #N/A | O22: =INDEX(tbl_ERP[],MATCH(O21,tbl_ERP[Identifier],0),MATCH(RP_concrete!$D$22,tbl_ERP[#Headers],0)) -> #N/A | R22: =INDEX(tbl_ERP[],MATCH(R21,tbl_ERP[Identifier],0),MATCH(RP_concrete!$D$22,tbl_ERP[#Headers],0)) -> #N/A
C24: primary material content | D24: per input (primary and secondary) without recycling | E24: - | F24: =INDEX(tbl_material[],MATCH(F$10,tbl_material[material],0),MATCH(RP_concrete!$F$5,tbl_material[#Headers],0)) -> 1 | I24: =INDEX(tbl_material[],MATCH(I$10,tbl_material[material],0),MATCH(RP_concrete!$I$5,tbl_material[#Headers],0)) -> 1 | L24: =INDEX(tbl_material[],MATCH(L$10,tbl_material[material],0),MATCH(RP_concrete!$I$5,tbl_material[#Headers],0)) -> #N/A | O24: =INDEX(tbl_material[],MATCH(O$10,tbl_material[material],0),MATCH(RP_concrete!$I$5,tbl_material[#Headers],0)) -> #N/A | R24: =INDEX(tbl_material[],MATCH(R$10,tbl_material[material],0),MATCH(RP_concrete!$I$5,tbl_material[#Headers],0)) -> #N/A
C25: secondary material content | D25: per input (primary and secondary) without recycling | E25: - | F25: =1-F24 -> 0 | I25: =1-I24 -> 0 | L25: =1-L24 -> #N/A | O25: =1-O24 -> #N/A | R25: =1-R24 -> #N/A
C27: mass | D27: per sleeper | E27: kg | F27: =INDEX(tbl_material[],MATCH(F$10,tbl_material[material],0),MATCH(RP_concrete!$C$27,tbl_material[#Headers],0)) -> 170 | I27: =INDEX(tbl_material[],MATCH(I$10,tbl_material[material],0),MATCH(RP_concrete!$C$27,tbl_material[#Headers],0)) -> 170 | L27: =INDEX(tbl_material[],MATCH(L$10,tbl_material[material],0),MATCH(RP_concrete!$C$27,tbl_material[#Headers],0)) -> #N/A | O27: =INDEX(tbl_material[],MATCH(O$10,tbl_material[material],0),MATCH(RP_concrete!$C$27,tbl_material[#Headers],0)) -> #N/A | R27: =INDEX(tbl_material[],MATCH(R$10,tbl_material[material],0),MATCH(RP_concrete!$C$27,tbl_material[#Headers],0)) -> #N/A
C28: manufacturing losses | D28: in relation to product | E28: - | F28: =INDEX(tbl_material[],MATCH(F$10,tbl_material[material],0),MATCH(RP_concrete!$C$28,tbl_material[#Headers],0)) -> 0.1 | I28: =INDEX(tbl_material[],MATCH(I$10,tbl_material[material],0),MATCH(RP_concrete!$C$28,tbl_material[#Headers],0)) -> 0.1 | L28: =INDEX(tbl_material[],MATCH(L$10,tbl_material[material],0),MATCH(RP_concrete!$C$28,tbl_material[#Headers],0)) -> #N/A | O28: =INDEX(tbl_material[],MATCH(O$10,tbl_material[material],0),MATCH(RP_concrete!$C$28,tbl_material[#Headers],0)) -> #N/A | R28: =INDEX(tbl_material[],MATCH(R$10,tbl_material[material],0),MATCH(RP_concrete!$C$28,tbl_material[#Headers],0)) -> #N/A
C29: manufacturing losses | D29: per product | E29: kg | F29: =F27*F28 -> 17 | I29: =I27*I28 -> 17 | L29: =L27*L28 -> #N/A | O29: =O27*O28 -> #N/A | R29: =R27*R28 -> #N/A
C30: mass required | D30: per product | E30: kg | F30: =F27*(1+F28) -> 187 | I30: =I27*(1+I28) -> 187 | L30: =L27*(1+L28) -> #N/A | O30: =O27*(1+O28) -> #N/A | R30: =R27*(1+R28) -> #N/A
C32: collection rate | D32: of manufacturing losses | E32: - | F32: =INDEX(tbl_material[],MATCH(F$10,tbl_material[material],0),MATCH(RP_concrete!$C$32,tbl_material[#Headers],0)) -> 1 | I32: =INDEX(tbl_material[],MATCH(I$10,tbl_material[material],0),MATCH(RP_concrete!$C$32,tbl_material[#Headers],0)) -> 1 | L32: =INDEX(tbl_material[],MATCH(L$10,tbl_material[material],0),MATCH(RP_concrete!$C$32,tbl_material[#Headers],0)) -> #N/A | O32: =INDEX(tbl_material[],MATCH(O$10,tbl_material[material],0),MATCH(RP_concrete!$C$32,tbl_material[#Headers],0)) -> #N/A | R32: =INDEX(tbl_material[],MATCH(R$10,tbl_material[material],0),MATCH(RP_concrete!$C$32,tbl_material[#Headers],0)) -> #N/A
C33: recycling rate | D33: of collected manufacturing losses | E33: - | F33: =INDEX(tbl_material[],MATCH(F$10,tbl_material[material],0),MATCH(RP_concrete!$C$33,tbl_material[#Headers],0)) -> 0 | I33: =INDEX(tbl_material[],MATCH(I$10,tbl_material[material],0),MATCH(RP_concrete!$C$33,tbl_material[#Headers],0)) -> 0 | L33: =INDEX(tbl_material[],MATCH(L$10,tbl_material[material],0),MATCH(RP_concrete!$C$33,tbl_material[#Headers],0)) -> #N/A | O33: =INDEX(tbl_material[],MATCH(O$10,tbl_material[material],0),MATCH(RP_concrete!$C$33,tbl_material[#Headers],0)) -> #N/A | R33: =INDEX(tbl_material[],MATCH(R$10,tbl_material[material],0),MATCH(RP_concrete!$C$33,tbl_material[#Headers],0)) -> #N/A
C34: cascading rate | D34: of collected manufacturing losses | E34: - | F34: =INDEX(tbl_material[],MATCH(F$10,tbl_material[material],0),MATCH(RP_concrete!$C$34,tbl_material[#Headers],0)) -> 0.9 | I34: =INDEX(tbl_material[],MATCH(I$10,tbl_material[material],0),MATCH(RP_concrete!$C$34,tbl_material[#Headers],0)) -> 0.9 | L34: =INDEX(tbl_material[],MATCH(L$10,tbl_material[material],0),MATCH(RP_concrete!$C$34,tbl_material[#Headers],0)) -> #N/A | O34: =INDEX(tbl_material[],MATCH(O$10,tbl_material[material],0),MATCH(RP_concrete!$C$34,tbl_material[#Headers],0)) -> #N/A | R34: =INDEX(tbl_material[],MATCH(R$10,tbl_material[material],0),MATCH(RP_concrete!$C$34,tbl_material[#Headers],0)) -> #N/A
C35: loss rate | D35: of collected manufacturing losses | E35: - | F35: =1-F32+F32*(1-F33-F34) -> 0.1 | I35: =1-I32+I32*(1-I33-I34) -> 0.1 | L35: =1-L32+L32*(1-L33-L34) -> #N/A | O35: =1-O32+O32*(1-O33-O34) -> #N/A | R35: =1-R32+R32*(1-R33-R34) -> #N/A
C37: collection rate | D37: of EoL products | E37: - | F37: =INDEX(tbl_material[],MATCH(F$10,tbl_material[material],0),MATCH(RP_concrete!$F$6,tbl_material[#Headers],0)) -> 1 | I37: =INDEX(tbl_material[],MATCH(I$10,tbl_material[material],0),MATCH(RP_concrete!$I$6,tbl_material[#Headers],0)) -> 1 | L37: =INDEX(tbl_material[],MATCH(L$10,tbl_material[material],0),MATCH(RP_concrete!$I$6,tbl_material[#Headers],0)) -> #N/A | O37: =INDEX(tbl_material[],MATCH(O$10,tbl_material[material],0),MATCH(RP_concrete!$I$6,tbl_material[#Headers],0)) -> #N/A | R37: =INDEX(tbl_material[],MATCH(R$10,tbl_material[material],0),MATCH(RP_concrete!$I$6,tbl_material[#Headers],0)) -> #N/A
C38: recycling rate | D38: of collected EoL products (base material) | E38: - | F38: =INDEX(tbl_material[],MATCH(F$10,tbl_material[material],0),MATCH(RP_concrete!$F$7,tbl_material[#Headers],0)) -> 0 | I38: =INDEX(tbl_material[],MATCH(I$10,tbl_material[material],0),MATCH(RP_concrete!$I$7,tbl_material[#Headers],0)) -> 0 | L38: =INDEX(tbl_material[],MATCH(L$10,tbl_material[material],0),MATCH(RP_concrete!$I$7,tbl_material[#Headers],0)) -> #N/A | O38: =INDEX(tbl_material[],MATCH(O$10,tbl_material[material],0),MATCH(RP_concrete!$I$7,tbl_material[#Headers],0)) -> #N/A | R38: =INDEX(tbl_material[],MATCH(R$10,tbl_material[material],0),MATCH(RP_concrete!$I$7,tbl_material[#Headers],0)) -> #N/A
C39: cascading rate | D39: of collected EoL products (base material) | E39: - | F39: =INDEX(tbl_material[],MATCH(F$10,tbl_material[material],0),MATCH(RP_concrete!$F$8,tbl_material[#Headers],0)) -> 0.5 | I39: =INDEX(tbl_material[],MATCH(I$10,tbl_material[material],0),MATCH(RP_concrete!$I$8,tbl_material[#Headers],0)) -> 0.8 | L39: =INDEX(tbl_material[],MATCH(L$10,tbl_material[material],0),MATCH(RP_concrete!$I$8,tbl_material[#Headers],0)) -> #N/A | O39: =INDEX(tbl_material[],MATCH(O$10,tbl_material[material],0),MATCH(RP_concrete!$I$8,tbl_material[#Headers],0)) -> #N/A | R39: =INDEX(tbl_material[],MATCH(R$10,tbl_material[material],0),MATCH(RP_concrete!$I$8,tbl_material[#Headers],0)) -> #N/A
C40: loss rate | D40: of collected EoL products (base material) | E40: - | F40: =1-F37+F37*(1-F38-F39) -> 0.5 | I40: =1-I37+I37*(1-I38-I39) -> 0.2 | L40: =1-L37+L37*(1-L38-L39) -> #N/A | O40: =1-O37+O37*(1-O38-O39) -> #N/A | R40: =1-R37+R37*(1-R38-R39) -> #N/A
C42: recyclability | D42: overall | E42: - | F42: =(F32*F33*F28+F37*F38)/(1+F28) -> 0 | I42: =(I32*I33*I28+I37*I38)/(1+I28) -> 0 | L42: =(L32*L33*L28+L37*L38)/(1+L28) -> #N/A | O42: =(O32*O33*O28+O37*O38)/(1+O28) -> #N/A | R42: =(R32*R33*R28+R37*R38)/(1+R28) -> #N/A
C43: cascadability | D43: overall | E43: - | F43: =(F32*F34*F28+F37*F39)/(1+F28) -> 0.53636364 | I43: =(I32*I34*I28+I37*I39)/(1+I28) -> 0.80909091 | L43: =(L32*L34*L28+L37*L39)/(1+L28) -> #N/A | O43: =(O32*O34*O28+O37*O39)/(1+O28) -> #N/A | R43: =(R32*R34*R28+R37*R39)/(1+R28) -> #N/A
C44: final loss | D44: overall | E44: - | F44: =1-F42-F43 -> 0.46363636 | I44: =1-I42-I43 -> 0.19090909 | L44: =1-L42-L43 -> #N/A | O44: =1-O42-O43 -> #N/A | R44: =1-R42-R43 -> #N/A
B46: τ | C46: ressource pressure | D46: base material | E46: - | F46: =(0.5*F27/F22)*(1+F28)*(1/lifetime_concrete)*(1+F24*(1-F42)-F42-F43) -> 2.5957925e-12 | I46: =(0.5*I27/I22)*(1+I28)*(1/lifetime_concrete)*(1+I24*(1-I42)-I42-I43) -> 2.1121044e-12 | L46: =(0.5*L27/L22)*(1+L28)*(1/lifetime_concrete)*(1+L24*(1-L42)-L42-L43) -> #N/A | O46: =(0.5*O27/O22)*(1+O28)*(1/lifetime_concrete)*(1+O24*(1-O42)-O42-O43) -> #N/A | R46: =(0.5*R27/R22)*(1+R28)*(1/lifetime_concrete)*(1+R24*(1-R42)-R42-R43) -> #N/A
A49: bulk material 2 | B49: mat | C49: material | D49: ERP identifier | F49: =INDEX(tbl_material[],MATCH(F$11,tbl_material[ERP identifier],0),MATCH(RP_concrete!$D$49,tbl_material[#Headers],0)) -> gravel | I49: =INDEX(tbl_material[],MATCH(I$11,tbl_material[ERP identifier],0),MATCH(RP_concrete!$D$49,tbl_material[#Headers],0)) -> gravel | L49: =INDEX(tbl_material[],MATCH(L$11,tbl_material[ERP identifier],0),MATCH(RP_concrete!$D$49,tbl_material[#Headers],0)) -> #N/A | O49: =INDEX(tbl_material[],MATCH(O$11,tbl_material[ERP identifier],0),MATCH(RP_concrete!$D$49,tbl_material[#Headers],0)) -> #N/A | R49: =INDEX(tbl_material[],MATCH(R$11,tbl_material[ERP identifier],0),MATCH(RP_concrete!$D$49,tbl_material[#Headers],0)) -> #N/A
B50: ERP | C50: Environmental Ressource Potential | D50: ERP effective [FU/a] | E50: kg/a | F50: =INDEX(tbl_ERP[],MATCH(F49,tbl_ERP[Identifier],0),MATCH(RP_concrete!$D$50,tbl_ERP[#Headers],0)) -> 7.3712178e+13 | I50: =INDEX(tbl_ERP[],MATCH(I49,tbl_ERP[Identifier],0),MATCH(RP_concrete!$D$50,tbl_ERP[#Headers],0)) -> 7.3712178e+13 | L50: =INDEX(tbl_ERP[],MATCH(L49,tbl_ERP[Identifier],0),MATCH(RP_concrete!$D$50,tbl_ERP[#Headers],0)) -> #N/A | O50: =INDEX(tbl_ERP[],MATCH(O49,tbl_ERP[Identifier],0),MATCH(RP_concrete!$D$50,tbl_ERP[#Headers],0)) -> #N/A | R50: =INDEX(tbl_ERP[],MATCH(R49,tbl_ERP[Identifier],0),MATCH(RP_concrete!$D$50,tbl_ERP[#Headers],0)) -> #N/A
C52: primary material content | D52: per input (primary and secondary) without recycling | E52: - | F52: =INDEX(tbl_material[],MATCH(F$11,tbl_material[material],0),MATCH(RP_concrete!$F$5,tbl_material[#Headers],0)) -> 1 | I52: =INDEX(tbl_material[],MATCH(I$11,tbl_material[material],0),MATCH(RP_concrete!$I$5,tbl_material[#Headers],0)) -> 0.5 | L52: =INDEX(tbl_material[],MATCH(L$11,tbl_material[material],0),MATCH(RP_concrete!$I$5,tbl_material[#Headers],0)) -> #N/A | O52: =INDEX(tbl_material[],MATCH(O$11,tbl_material[material],0),MATCH(RP_concrete!$I$5,tbl_material[#Headers],0)) -> #N/A | R52: =INDEX(tbl_material[],MATCH(R$11,tbl_material[material],0),MATCH(RP_concrete!$I$5,tbl_material[#Headers],0)) -> #N/A
C53: secondary material content | D53: per input (primary and secondary) without recycling | E53: - | F53: =1-F52 -> 0 | I53: =1-I52 -> 0.5 | L53: =1-L52 -> #N/A | O53: =1-O52 -> #N/A | R53: =1-R52 -> #N/A
C55: mass | D55: per sleeper | E55: kg | F55: =INDEX(tbl_material[],MATCH(F$11,tbl_material[material],0),MATCH(RP_concrete!$C$55,tbl_material[#Headers],0)) -> 100 | I55: =INDEX(tbl_material[],MATCH(I$11,tbl_material[material],0),MATCH(RP_concrete!$C$55,tbl_material[#Headers],0)) -> 100 | L55: =INDEX(tbl_material[],MATCH(L$11,tbl_material[material],0),MATCH(RP_concrete!$C$55,tbl_material[#Headers],0)) -> #N/A | O55: =INDEX(tbl_material[],MATCH(O$11,tbl_material[material],0),MATCH(RP_concrete!$C$55,tbl_material[#Headers],0)) -> #N/A | R55: =INDEX(tbl_material[],MATCH(R$11,tbl_material[material],0),MATCH(RP_concrete!$C$55,tbl_material[#Headers],0)) -> #N/A
C56: manufacturing losses | D56: in relation to product | E56: - | F56: =INDEX(tbl_material[],MATCH(F$11,tbl_material[material],0),MATCH(RP_concrete!$C$56,tbl_material[#Headers],0)) -> 0.1 | I56: =INDEX(tbl_material[],MATCH(I$11,tbl_material[material],0),MATCH(RP_concrete!$C$56,tbl_material[#Headers],0)) -> 0.1 | L56: =INDEX(tbl_material[],MATCH(L$11,tbl_material[material],0),MATCH(RP_concrete!$C$56,tbl_material[#Headers],0)) -> #N/A | O56: =INDEX(tbl_material[],MATCH(O$11,tbl_material[material],0),MATCH(RP_concrete!$C$56,tbl_material[#Headers],0)) -> #N/A | R56: =INDEX(tbl_material[],MATCH(R$11,tbl_material[material],0),MATCH(RP_concrete!$C$56,tbl_material[#Headers],0)) -> #N/A
C57: manufacturing losses | D57: per product | E57: kg | F57: =F55*F56 -> 10 | I57: =I55*I56 -> 10 | L57: =L55*L56 -> #N/A | O57: =O55*O56 -> #N/A | R57: =R55*R56 -> #N/A
C58: mass required | D58: per product | E58: kg | F58: =F55*(1+F56) -> 110 | I58: =I55*(1+I56) -> 110 | L58: =L55*(1+L56) -> #N/A | O58: =O55*(1+O56) -> #N/A | R58: =R55*(1+R56) -> #N/A
C60: collection rate | D60: of manufacturing losses | E60: - | F60: =INDEX(tbl_material[],MATCH(F$11,tbl_material[material],0),MATCH(RP_concrete!$C$60,tbl_material[#Headers],0)) -> 1 | I60: =INDEX(tbl_material[],MATCH(I$11,tbl_material[material],0),MATCH(RP_concrete!$C$60,tbl_material[#Headers],0)) -> 1 | L60: =INDEX(tbl_material[],MATCH(L$11,tbl_material[material],0),MATCH(RP_concrete!$C$60,tbl_material[#Headers],0)) -> #N/A | O60: =INDEX(tbl_material[],MATCH(O$11,tbl_material[material],0),MATCH(RP_concrete!$C$60,tbl_material[#Headers],0)) -> #N/A | R60: =INDEX(tbl_material[],MATCH(R$11,tbl_material[material],0),MATCH(RP_concrete!$C$60,tbl_material[#Headers],0)) -> #N/A
C61: recycling rate | D61: of collected manufacturing losses | E61: - | F61: =INDEX(tbl_material[],MATCH(F$11,tbl_material[material],0),MATCH(RP_concrete!$C$61,tbl_material[#Headers],0)) -> 0.9 | I61: =INDEX(tbl_material[],MATCH(I$11,tbl_material[material],0),MATCH(RP_concrete!$C$61,tbl_material[#Headers],0)) -> 0.9 | L61: =INDEX(tbl_material[],MATCH(L$11,tbl_material[material],0),MATCH(RP_concrete!$C$61,tbl_material[#Headers],0)) -> #N/A | O61: =INDEX(tbl_material[],MATCH(O$11,tbl_material[material],0),MATCH(RP_concrete!$C$61,tbl_material[#Headers],0)) -> #N/A | R61: =INDEX(tbl_material[],MATCH(R$11,tbl_material[material],0),MATCH(RP_concrete!$C$61,tbl_material[#Headers],0)) -> #N/A
C62: cascading rate | D62: of collected manufacturing losses | E62: - | F62: =INDEX(tbl_material[],MATCH(F$11,tbl_material[material],0),MATCH(RP_concrete!$C$62,tbl_material[#Headers],0)) -> 0 | I62: =INDEX(tbl_material[],MATCH(I$11,tbl_material[material],0),MATCH(RP_concrete!$C$62,tbl_material[#Headers],0)) -> 0 | L62: =INDEX(tbl_material[],MATCH(L$11,tbl_material[material],0),MATCH(RP_concrete!$C$62,tbl_material[#Headers],0)) -> #N/A | O62: =INDEX(tbl_material[],MATCH(O$11,tbl_material[material],0),MATCH(RP_concrete!$C$62,tbl_material[#Headers],0)) -> #N/A | R62: =INDEX(tbl_material[],MATCH(R$11,tbl_material[material],0),MATCH(RP_concrete!$C$62,tbl_material[#Headers],0)) -> #N/A
C63: loss rate | D63: of collected manufacturing losses | E63: - | F63: =1-F60+F60*(1-F61-F62) -> 0.1 | I63: =1-I60+I60*(1-I61-I62) -> 0.1 | L63: =1-L60+L60*(1-L61-L62) -> #N/A | O63: =1-O60+O60*(1-O61-O62) -> #N/A | R63: =1-R60+R60*(1-R61-R62) -> #N/A
C65: collection rate | D65: of EoL products | E65: - | F65: =INDEX(tbl_material[],MATCH(F$11,tbl_material[material],0),MATCH(RP_concrete!$F$6,tbl_material[#Headers],0)) -> 1 | I65: =INDEX(tbl_material[],MATCH(I$11,tbl_material[material],0),MATCH(RP_concrete!$I$6,tbl_material[#Headers],0)) -> 1 | L65: =INDEX(tbl_material[],MATCH(L$11,tbl_material[material],0),MATCH(RP_concrete!$I$6,tbl_material[#Headers],0)) -> #N/A | O65: =INDEX(tbl_material[],MATCH(O$11,tbl_material[material],0),MATCH(RP_concrete!$I$6,tbl_material[#Headers],0)) -> #N/A | R65: =INDEX(tbl_material[],MATCH(R$11,tbl_material[material],0),MATCH(RP_concrete!$I$6,tbl_material[#Headers],0)) -> #N/A
C66: recycling rate | D66: of collected EoL products (base material) | E66: - | F66: =INDEX(tbl_material[],MATCH(F$11,tbl_material[material],0),MATCH(RP_concrete!$F$7,tbl_material[#Headers],0)) -> 0.5 | I66: =INDEX(tbl_material[],MATCH(I$11,tbl_material[material],0),MATCH(RP_concrete!$I$7,tbl_material[#Headers],0)) -> 0.8 | L66: =INDEX(tbl_material[],MATCH(L$11,tbl_material[material],0),MATCH(RP_concrete!$I$7,tbl_material[#Headers],0)) -> #N/A | O66: =INDEX(tbl_material[],MATCH(O$11,tbl_material[material],0),MATCH(RP_concrete!$I$7,tbl_material[#Headers],0)) -> #N/A | R66: =INDEX(tbl_material[],MATCH(R$11,tbl_material[material],0),MATCH(RP_concrete!$I$7,tbl_material[#Headers],0)) -> #N/A
C67: cascading rate | D67: of collected EoL products (base material) | E67: - | F67: =INDEX(tbl_material[],MATCH(F$11,tbl_material[material],0),MATCH(RP_concrete!$F$8,tbl_material[#Headers],0)) -> 0.1 | I67: =INDEX(tbl_material[],MATCH(I$11,tbl_material[material],0),MATCH(RP_concrete!$I$8,tbl_material[#Headers],0)) -> 0.15 | L67: =INDEX(tbl_material[],MATCH(L$11,tbl_material[material],0),MATCH(RP_concrete!$I$8,tbl_material[#Headers],0)) -> #N/A | O67: =INDEX(tbl_material[],MATCH(O$11,tbl_material[material],0),MATCH(RP_concrete!$I$8,tbl_material[#Headers],0)) -> #N/A | R67: =INDEX(tbl_material[],MATCH(R$11,tbl_material[material],0),MATCH(RP_concrete!$I$8,tbl_material[#Headers],0)) -> #N/A
C68: loss rate | D68: of collected EoL products (base material) | E68: - | F68: =1-F65+F65*(1-F66-F67) -> 0.4 | I68: =1-I65+I65*(1-I66-I67) -> 0.05 | L68: =1-L65+L65*(1-L66-L67) -> #N/A | O68: =1-O65+O65*(1-O66-O67) -> #N/A | R68: =1-R65+R65*(1-R66-R67) -> #N/A
C70: recyclability | D70: overall | E70: - | F70: =(F60*F61*F56+F65*F66)/(1+F56) -> 0.53636364 | I70: =(I60*I61*I56+I65*I66)/(1+I56) -> 0.80909091 | L70: =(L60*L61*L56+L65*L66)/(1+L56) -> #N/A | O70: =(O60*O61*O56+O65*O66)/(1+O56) -> #N/A | R70: =(R60*R61*R56+R65*R66)/(1+R56) -> #N/A
C71: cascadability | D71: overall | E71: - | F71: =(F60*F62*F56+F65*F67)/(1+F56) -> 0.090909091 | I71: =(I60*I62*I56+I65*I67)/(1+I56) -> 0.13636364 | L71: =(L60*L62*L56+L65*L67)/(1+L56) -> #N/A | O71: =(O60*O62*O56+O65*O67)/(1+O56) -> #N/A | R71: =(R60*R62*R56+R65*R67)/(1+R56) -> #N/A
C72: final loss | D72: overall | E72: - | F72: =1-F70-F71 -> 0.37272727 | I72: =1-I70-I71 -> 0.054545455 | L72: =1-L70-L71 -> #N/A | O72: =1-O70-O71 -> #N/A | R72: =1-R70-R71 -> #N/A
B74: τ | C74: ressource pressure | D74: base material | E74: - | F74: =(0.5*F55/F50)*(1+F56)*(1/lifetime_concrete)*(1+F52*(1-F70)-F70-F71) -> 1.5601221e-14 | I74: =(0.5*I55/I50)*(1+I56)*(1/lifetime_concrete)*(1+I52*(1-I70)-I70-I71) -> 2.7980451e-15 | L74: =(0.5*L55/L50)*(1+L56)*(1/lifetime_concrete)*(1+L52*(1-L70)-L70-L71) -> #N/A | O74: =(0.5*O55/O50)*(1+O56)*(1/lifetime_concrete)*(1+O52*(1-O70)-O70-O71) -> #N/A | R74: =(0.5*R55/R50)*(1+R56)*(1/lifetime_concrete)*(1+R52*(1-R70)-R70-R71) -> #N/A
A77: reinforcement | B77: mat | C77: material | D77: ERP identifier | F77: =INDEX(tbl_material[],MATCH(F$12,tbl_material[ERP identifier],0),MATCH(RP_concrete!$D$21,tbl_material[#Headers],0)) -> low-alloyed steel | I77: =INDEX(tbl_material[],MATCH(I$12,tbl_material[ERP identifier],0),MATCH(RP_concrete!$D$21,tbl_material[#Headers],0)) -> low-alloyed steel | L77: =INDEX(tbl_material[],MATCH(L$12,tbl_material[ERP identifier],0),MATCH(RP_concrete!$D$21,tbl_material[#Headers],0)) -> #N/A | O77: =INDEX(tbl_material[],MATCH(O$12,tbl_material[ERP identifier],0),MATCH(RP_concrete!$D$21,tbl_material[#Headers],0)) -> #N/A | R77: =INDEX(tbl_material[],MATCH(R$12,tbl_material[ERP identifier],0),MATCH(RP_concrete!$D$21,tbl_material[#Headers],0)) -> #N/A
B78: ERP | C78: Environmental Ressource Potential | D78: ERP effective [FU/a] | E78: kg/a | F78: =INDEX(tbl_ERP[],MATCH(F77,tbl_ERP[Identifier],0),MATCH(RP_concrete!$D$22,tbl_ERP[#Headers],0)) -> 4.3352251e+11 | I78: =INDEX(tbl_ERP[],MATCH(I77,tbl_ERP[Identifier],0),MATCH(RP_concrete!$D$22,tbl_ERP[#Headers],0)) -> 4.3352251e+11 | L78: =INDEX(tbl_ERP[],MATCH(L77,tbl_ERP[Identifier],0),MATCH(RP_concrete!$D$22,tbl_ERP[#Headers],0)) -> #N/A | O78: =INDEX(tbl_ERP[],MATCH(O77,tbl_ERP[Identifier],0),MATCH(RP_concrete!$D$22,tbl_ERP[#Headers],0)) -> #N/A | R78: =INDEX(tbl_ERP[],MATCH(R77,tbl_ERP[Identifier],0),MATCH(RP_concrete!$D$22,tbl_ERP[#Headers],0)) -> #N/A
C80: primary material content | D80: per input (primary and secondary) without recycling | E80: - | F80: =INDEX(tbl_material[],MATCH(F$12,tbl_material[material],0),MATCH(RP_concrete!$F$5,tbl_material[#Headers],0)) -> 1 | I80: =INDEX(tbl_material[],MATCH(I$12,tbl_material[material],0),MATCH(RP_concrete!$I$5,tbl_material[#Headers],0)) -> 0.5 | L80: =INDEX(tbl_material[],MATCH(L$12,tbl_material[material],0),MATCH(RP_concrete!$I$5,tbl_material[#Headers],0)) -> #N/A | O80: =INDEX(tbl_material[],MATCH(O$12,tbl_material[material],0),MATCH(RP_concrete!$I$5,tbl_material[#Headers],0)) -> #N/A | R80: =INDEX(tbl_material[],MATCH(R$12,tbl_material[material],0),MATCH(RP_concrete!$I$5,tbl_material[#Headers],0)) -> #N/A
C81: secondary material content | D81: per input (primary and secondary) without recycling | E81: - | F81: =1-F80 -> 0 | I81: =1-I80 -> 0.5 | L81: =1-L80 -> #N/A | O81: =1-O80 -> #N/A | R81: =1-R80 -> #N/A
C83: mass | D83: per sleeper | E83: kg | F83: =INDEX(tbl_material[],MATCH(F$12,tbl_material[material],0),MATCH(RP_concrete!$C$27,tbl_material[#Headers],0)) -> 20 | I83: =INDEX(tbl_material[],MATCH(I$12,tbl_material[material],0),MATCH(RP_concrete!$C$27,tbl_material[#Headers],0)) -> 20 | L83: =INDEX(tbl_material[],MATCH(L$12,tbl_material[material],0),MATCH(RP_concrete!$C$27,tbl_material[#Headers],0)) -> #N/A | O83: =INDEX(tbl_material[],MATCH(O$12,tbl_material[material],0),MATCH(RP_concrete!$C$27,tbl_material[#Headers],0)) -> #N/A | R83: =INDEX(tbl_material[],MATCH(R$12,tbl_material[material],0),MATCH(RP_concrete!$C$27,tbl_material[#Headers],0)) -> #N/A
C84: manufacturing losses | D84: in relation to product | E84: - | F84: =INDEX(tbl_material[],MATCH(F$12,tbl_material[material],0),MATCH(RP_concrete!$C$28,tbl_material[#Headers],0)) -> 0.1 | I84: =INDEX(tbl_material[],MATCH(I$12,tbl_material[material],0),MATCH(RP_concrete!$C$28,tbl_material[#Headers],0)) -> 0.1 | L84: =INDEX(tbl_material[],MATCH(L$12,tbl_material[material],0),MATCH(RP_concrete!$C$28,tbl_material[#Headers],0)) -> #N/A | O84: =INDEX(tbl_material[],MATCH(O$12,tbl_material[material],0),MATCH(RP_concrete!$C$28,tbl_material[#Headers],0)) -> #N/A | R84: =INDEX(tbl_material[],MATCH(R$12,tbl_material[material],0),MATCH(RP_concrete!$C$28,tbl_material[#Headers],0)) -> #N/A
C85: manufacturing losses | D85: per product | E85: kg | F85: =F83*F84 -> 2 | I85: =I83*I84 -> 2 | L85: =L83*L84 -> #N/A | O85: =O83*O84 -> #N/A | R85: =R83*R84 -> #N/A
C86: mass required | D86: per product | E86: kg | F86: =F83*(1+F84) -> 22 | I86: =I83*(1+I84) -> 22 | L86: =L83*(1+L84) -> #N/A | O86: =O83*(1+O84) -> #N/A | R86: =R83*(1+R84) -> #N/A
C88: collection rate | D88: of manufacturing losses | E88: - | F88: =INDEX(tbl_material[],MATCH(F$12,tbl_material[material],0),MATCH(RP_concrete!$C$88,tbl_material[#Headers],0)) -> 1 | I88: =INDEX(tbl_material[],MATCH(I$12,tbl_material[material],0),MATCH(RP_concrete!$C$88,tbl_material[#Headers],0)) -> 1 | L88: =INDEX(tbl_material[],MATCH(L$12,tbl_material[material],0),MATCH(RP_concrete!$C$88,tbl_material[#Headers],0)) -> #N/A | O88: =INDEX(tbl_material[],MATCH(O$12,tbl_material[material],0),MATCH(RP_concrete!$C$88,tbl_material[#Headers],0)) -> #N/A | R88: =INDEX(tbl_material[],MATCH(R$12,tbl_material[material],0),MATCH(RP_concrete!$C$88,tbl_material[#Headers],0)) -> #N/A
C89: recycling rate | D89: of collected manufacturing losses | E89: - | F89: =INDEX(tbl_material[],MATCH(F$12,tbl_material[material],0),MATCH(RP_concrete!$C$33,tbl_material[#Headers],0)) -> 0.9 | I89: =INDEX(tbl_material[],MATCH(I$12,tbl_material[material],0),MATCH(RP_concrete!$C$33,tbl_material[#Headers],0)) -> 0.9 | L89: =INDEX(tbl_material[],MATCH(L$12,tbl_material[material],0),MATCH(RP_concrete!$C$33,tbl_material[#Headers],0)) -> #N/A | O89: =INDEX(tbl_material[],MATCH(O$12,tbl_material[material],0),MATCH(RP_concrete!$C$33,tbl_material[#Headers],0)) -> #N/A | R89: =INDEX(tbl_material[],MATCH(R$12,tbl_material[material],0),MATCH(RP_concrete!$C$33,tbl_material[#Headers],0)) -> #N/A
C90: cascading rate | D90: of collected manufacturing losses | E90: - | F90: =INDEX(tbl_material[],MATCH(F$12,tbl_material[material],0),MATCH(RP_concrete!$C$90,tbl_material[#Headers],0)) -> 0 | I90: =INDEX(tbl_material[],MATCH(I$12,tbl_material[material],0),MATCH(RP_concrete!$C$90,tbl_material[#Headers],0)) -> 0 | L90: =INDEX(tbl_material[],MATCH(L$12,tbl_material[material],0),MATCH(RP_concrete!$C$90,tbl_material[#Headers],0)) -> #N/A | O90: =INDEX(tbl_material[],MATCH(O$12,tbl_material[material],0),MATCH(RP_concrete!$C$90,tbl_material[#Headers],0)) -> #N/A | R90: =INDEX(tbl_material[],MATCH(R$12,tbl_material[material],0),MATCH(RP_concrete!$C$90,tbl_material[#Headers],0)) -> #N/A
C91: loss rate | D91: of collected manufacturing losses | E91: - | F91: =1-F88+F88*(1-F89-F90) -> 0.1 | I91: =1-I88+I88*(1-I89-I90) -> 0.1 | L91: =1-L88+L88*(1-L89-L90) -> #N/A | O91: =1-O88+O88*(1-O89-O90) -> #N/A | R91: =1-R88+R88*(1-R89-R90) -> #N/A
C93: collection rate | D93: of EoL products | E93: - | F93: =INDEX(tbl_material[],MATCH(F$12,tbl_material[material],0),MATCH(RP_concrete!$F$6,tbl_material[#Headers],0)) -> 1 | I93: =INDEX(tbl_material[],MATCH(I$12,tbl_material[material],0),MATCH(RP_concrete!$I$6,tbl_material[#Headers],0)) -> 1 | L93: =INDEX(tbl_material[],MATCH(L$12,tbl_material[material],0),MATCH(RP_concrete!$I$6,tbl_material[#Headers],0)) -> #N/A | O93: =INDEX(tbl_material[],MATCH(O$12,tbl_material[material],0),MATCH(RP_concrete!$I$6,tbl_material[#Headers],0)) -> #N/A | R93: =INDEX(tbl_material[],MATCH(R$12,tbl_material[material],0),MATCH(RP_concrete!$I$6,tbl_material[#Headers],0)) -> #N/A
C94: recycling rate | D94: of collected EoL products (base material) | E94: - | F94: =INDEX(tbl_material[],MATCH(F$12,tbl_material[material],0),MATCH(RP_concrete!$F$7,tbl_material[#Headers],0)) -> 0.7 | I94: =INDEX(tbl_material[],MATCH(I$12,tbl_material[material],0),MATCH(RP_concrete!$I$7,tbl_material[#Headers],0)) -> 0.9 | L94: =INDEX(tbl_material[],MATCH(L$12,tbl_material[material],0),MATCH(RP_concrete!$I$7,tbl_material[#Headers],0)) -> #N/A | O94: =INDEX(tbl_material[],MATCH(O$12,tbl_material[material],0),MATCH(RP_concrete!$I$7,tbl_material[#Headers],0)) -> #N/A | R94: =INDEX(tbl_material[],MATCH(R$12,tbl_material[material],0),MATCH(RP_concrete!$I$7,tbl_material[#Headers],0)) -> #N/A
C95: cascading rate | D95: of collected EoL products (base material) | E95: - | F95: =INDEX(tbl_material[],MATCH(F$12,tbl_material[material],0),MATCH(RP_concrete!$F$8,tbl_material[#Headers],0)) -> 0 | I95: =INDEX(tbl_material[],MATCH(I$12,tbl_material[material],0),MATCH(RP_concrete!$I$8,tbl_material[#Headers],0)) -> 0 | L95: =INDEX(tbl_material[],MATCH(L$12,tbl_material[material],0),MATCH(RP_concrete!$I$8,tbl_material[#Headers],0)) -> #N/A | O95: =INDEX(tbl_material[],MATCH(O$12,tbl_material[material],0),MATCH(RP_concrete!$I$8,tbl_material[#Headers],0)) -> #N/A | R95: =INDEX(tbl_material[],MATCH(R$12,tbl_material[material],0),MATCH(RP_concrete!$I$8,tbl_material[#Headers],0)) -> #N/A
C96: loss rate | D96: of collected EoL products (base material) | E96: - | F96: =1-F93+F93*(1-F94-F95) -> 0.3 | I96: =1-I93+I93*(1-I94-I95) -> 0.1 | L96: =1-L93+L93*(1-L94-L95) -> #N/A | O96: =1-O93+O93*(1-O94-O95) -> #N/A | R96: =1-R93+R93*(1-R94-R95) -> #N/A
C98: recyclability | D98: overall | E98: - | F98: =(F88*F89*F84+F93*F94)/(1+F84) -> 0.71818182 | I98: =(I88*I89*I84+I93*I94)/(1+I84) -> 0.9 | L98: =(L88*L89*L84+L93*L94)/(1+L84) -> #N/A | O98: =(O88*O89*O84+O93*O94)/(1+O84) -> #N/A | R98: =(R88*R89*R84+R93*R94)/(1+R84) -> #N/A
C99: cascadability | D99: overall | E99: - | F99: =(F88*F90*F84+F93*F95)/(1+F84) -> 0 | I99: =(I88*I90*I84+I93*I95)/(1+I84) -> 0 | L99: =(L88*L90*L84+L93*L95)/(1+L84) -> #N/A | O99: =(O88*O90*O84+O93*O95)/(1+O84) -> #N/A | R99: =(R88*R90*R84+R93*R95)/(1+R84) -> #N/A
C100: final loss | D100: overall | E100: - | F100: =1-F98-F99 -> 0.28181818 | I100: =1-I98-I99 -> 0.1 | L100: =1-L98-L99 -> #N/A | O100: =1-O98-O99 -> #N/A | R100: =1-R98-R99 -> #N/A
B102: τ | C102: ressource pressure | D102: base material | E102: - | F102: =(0.5*F83/F78)*(1+F84)*(1/lifetime_concrete)*(1+F80*(1-F98)-F98-F99) -> 3.5753622e-13 | I102: =(0.5*I83/I78)*(1+I84)*(1/lifetime_concrete)*(1+I80*(1-I98)-I98-I99) -> 9.5150769e-14 | L102: =(0.5*L83/L78)*(1+L84)*(1/lifetime_concrete)*(1+L80*(1-L98)-L98-L99) -> #N/A | O102: =(0.5*O83/O78)*(1+O84)*(1/lifetime_concrete)*(1+O80*(1-O98)-O98-O99) -> #N/A | R102: =(0.5*R83/R78)*(1+R84)*(1/lifetime_concrete)*(1+R80*(1-R98)-R98-R99) -> #N/A
A105: form | B105: mat | C105: material | D105: ERP identifier | F105: =INDEX(tbl_material[],MATCH(F$13,tbl_material[ERP identifier],0),MATCH(RP_concrete!$D$105,tbl_material[#Headers],0)) -> PUR | I105: =INDEX(tbl_material[],MATCH(I$13,tbl_material[ERP identifier],0),MATCH(RP_concrete!$D$105,tbl_material[#Headers],0)) -> PUR | L105: =INDEX(tbl_material[],MATCH(L$13,tbl_material[ERP identifier],0),MATCH(RP_concrete!$D$105,tbl_material[#Headers],0)) -> #N/A | O105: =INDEX(tbl_material[],MATCH(O$13,tbl_material[ERP identifier],0),MATCH(RP_concrete!$D$105,tbl_material[#Headers],0)) -> #N/A | R105: =INDEX(tbl_material[],MATCH(R$13,tbl_material[ERP identifier],0),MATCH(RP_concrete!$D$105,tbl_material[#Headers],0)) -> #N/A
B106: ERP | C106: Environmental Ressource Potential | D106: ERP effective [FU/a] | E106: kg/a | F106: =INDEX(tbl_ERP[],MATCH(F105,tbl_ERP[Identifier],0),MATCH(RP_concrete!$D$106,tbl_ERP[#Headers],0)) -> 1.2073195e+11 | I106: =INDEX(tbl_ERP[],MATCH(I105,tbl_ERP[Identifier],0),MATCH(RP_concrete!$D$106,tbl_ERP[#Headers],0)) -> 1.2073195e+11 | L106: =INDEX(tbl_ERP[],MATCH(L105,tbl_ERP[Identifier],0),MATCH(RP_concrete!$D$106,tbl_ERP[#Headers],0)) -> #N/A | O106: =INDEX(tbl_ERP[],MATCH(O105,tbl_ERP[Identifier],0),MATCH(RP_concrete!$D$106,tbl_ERP[#Headers],0)) -> #N/A | R106: =INDEX(tbl_ERP[],MATCH(R105,tbl_ERP[Identifier],0),MATCH(RP_concrete!$D$106,tbl_ERP[#Headers],0)) -> #N/A
C108: primary material content | D108: per input (primary and secondary) without recycling | E108: - | F108: =INDEX(tbl_material[],MATCH(F$13,tbl_material[material],0),MATCH(RP_concrete!$F$5,tbl_material[#Headers],0)) -> 1 | I108: =INDEX(tbl_material[],MATCH(I$13,tbl_material[material],0),MATCH(RP_concrete!$I$5,tbl_material[#Headers],0)) -> 1 | L108: =INDEX(tbl_material[],MATCH(L$13,tbl_material[material],0),MATCH(RP_concrete!$I$5,tbl_material[#Headers],0)) -> #N/A | O108: =INDEX(tbl_material[],MATCH(O$13,tbl_material[material],0),MATCH(RP_concrete!$I$5,tbl_material[#Headers],0)) -> #N/A | R108: =INDEX(tbl_material[],MATCH(R$13,tbl_material[material],0),MATCH(RP_concrete!$I$5,tbl_material[#Headers],0)) -> #N/A
C109: secondary material content | D109: per input (primary and secondary) without recycling | E109: - | F109: =1-F108 -> 0 | I109: =1-I108 -> 0 | L109: =1-L108 -> #N/A | O109: =1-O108 -> #N/A | R109: =1-R108 -> #N/A
C111: mass | D111: per product | E111: kg | F111: =INDEX(tbl_material[],MATCH(F$13,tbl_material[material],0),MATCH(RP_concrete!$C$111,tbl_material[#Headers],0)) -> 5 | I111: =INDEX(tbl_material[],MATCH(I$13,tbl_material[material],0),MATCH(RP_concrete!$C$111,tbl_material[#Headers],0)) -> 5 | L111: =INDEX(tbl_material[],MATCH(L$13,tbl_material[material],0),MATCH(RP_concrete!$C$111,tbl_material[#Headers],0)) -> #N/A | O111: =INDEX(tbl_material[],MATCH(O$13,tbl_material[material],0),MATCH(RP_concrete!$C$111,tbl_material[#Headers],0)) -> #N/A | R111: =INDEX(tbl_material[],MATCH(R$13,tbl_material[material],0),MATCH(RP_concrete!$C$111,tbl_material[#Headers],0)) -> #N/A
C112: manufacturing losses | D112: in relation to product | E112: - | F112: =INDEX(tbl_material[],MATCH(F$13,tbl_material[material],0),MATCH(RP_concrete!$C$112,tbl_material[#Headers],0)) -> 0.2 | I112: =INDEX(tbl_material[],MATCH(I$13,tbl_material[material],0),MATCH(RP_concrete!$C$112,tbl_material[#Headers],0)) -> 0.2 | L112: =INDEX(tbl_material[],MATCH(L$13,tbl_material[material],0),MATCH(RP_concrete!$C$112,tbl_material[#Headers],0)) -> #N/A | O112: =INDEX(tbl_material[],MATCH(O$13,tbl_material[material],0),MATCH(RP_concrete!$C$112,tbl_material[#Headers],0)) -> #N/A | R112: =INDEX(tbl_material[],MATCH(R$13,tbl_material[material],0),MATCH(RP_concrete!$C$112,tbl_material[#Headers],0)) -> #N/A
C113: manufacturing losses | D113: per product | E113: kg | F113: =F111*F112 -> 1 | I113: =I111*I112 -> 1 | L113: =L111*L112 -> #N/A | O113: =O111*O112 -> #N/A | R113: =R111*R112 -> #N/A
C114: mass required | D114: per product | E114: kg | F114: =F111*(1+F112) -> 6 | I114: =I111*(1+I112) -> 6 | L114: =L111*(1+L112) -> #N/A | O114: =O111*(1+O112) -> #N/A | R114: =R111*(1+R112) -> #N/A
C116: collection rate | D116: of manufacturing losses | E116: - | F116: =INDEX(tbl_material[],MATCH(F$13,tbl_material[material],0),MATCH(RP_concrete!$C$116,tbl_material[#Headers],0)) -> 1 | I116: =INDEX(tbl_material[],MATCH(I$13,tbl_material[material],0),MATCH(RP_concrete!$C$116,tbl_material[#Headers],0)) -> 1 | L116: =INDEX(tbl_material[],MATCH(L$13,tbl_material[material],0),MATCH(RP_concrete!$C$116,tbl_material[#Headers],0)) -> #N/A | O116: =INDEX(tbl_material[],MATCH(O$13,tbl_material[material],0),MATCH(RP_concrete!$C$116,tbl_material[#Headers],0)) -> #N/A | R116: =INDEX(tbl_material[],MATCH(R$13,tbl_material[material],0),MATCH(RP_concrete!$C$116,tbl_material[#Headers],0)) -> #N/A
C117: recycling rate | D117: of collected manufacturing losses | E117: - | F117: =INDEX(tbl_material[],MATCH(F$13,tbl_material[material],0),MATCH(RP_concrete!$C$117,tbl_material[#Headers],0)) -> 0 | I117: =INDEX(tbl_material[],MATCH(I$13,tbl_material[material],0),MATCH(RP_concrete!$C$117,tbl_material[#Headers],0)) -> 0 | L117: =INDEX(tbl_material[],MATCH(L$13,tbl_material[material],0),MATCH(RP_concrete!$C$117,tbl_material[#Headers],0)) -> #N/A | O117: =INDEX(tbl_material[],MATCH(O$13,tbl_material[material],0),MATCH(RP_concrete!$C$117,tbl_material[#Headers],0)) -> #N/A | R117: =INDEX(tbl_material[],MATCH(R$13,tbl_material[material],0),MATCH(RP_concrete!$C$117,tbl_material[#Headers],0)) -> #N/A
C118: cascading rate | D118: of collected manufacturing losses | E118: - | F118: =INDEX(tbl_material[],MATCH(F$13,tbl_material[material],0),MATCH(RP_concrete!$C$118,tbl_material[#Headers],0)) -> 0.5 | I118: =INDEX(tbl_material[],MATCH(I$13,tbl_material[material],0),MATCH(RP_concrete!$C$118,tbl_material[#Headers],0)) -> 0.5 | L118: =INDEX(tbl_material[],MATCH(L$13,tbl_material[material],0),MATCH(RP_concrete!$C$118,tbl_material[#Headers],0)) -> #N/A | O118: =INDEX(tbl_material[],MATCH(O$13,tbl_material[material],0),MATCH(RP_concrete!$C$118,tbl_material[#Headers],0)) -> #N/A | R118: =INDEX(tbl_material[],MATCH(R$13,tbl_material[material],0),MATCH(RP_concrete!$C$118,tbl_material[#Headers],0)) -> #N/A
C119: loss rate | D119: of collected manufacturing losses | E119: - | F119: =1-F116+F116*(1-F117-F118) -> 0.5 | I119: =1-I116+I116*(1-I117-I118) -> 0.5 | L119: =1-L116+L116*(1-L117-L118) -> #N/A | O119: =1-O116+O116*(1-O117-O118) -> #N/A | R119: =1-R116+R116*(1-R117-R118) -> #N/A
C121: collection rate | D121: of EoL products | E121: - | F121: =INDEX(tbl_material[],MATCH(F$13,tbl_material[material],0),MATCH(RP_concrete!$F$6,tbl_material[#Headers],0)) -> 1 | I121: =INDEX(tbl_material[],MATCH(I$13,tbl_material[material],0),MATCH(RP_concrete!$I$6,tbl_material[#Headers],0)) -> 1 | L121: =INDEX(tbl_material[],MATCH(L$13,tbl_material[material],0),MATCH(RP_concrete!$I$6,tbl_material[#Headers],0)) -> #N/A | O121: =INDEX(tbl_material[],MATCH(O$13,tbl_material[material],0),MATCH(RP_concrete!$I$6,tbl_material[#Headers],0)) -> #N/A | R121: =INDEX(tbl_material[],MATCH(R$13,tbl_material[material],0),MATCH(RP_concrete!$I$6,tbl_material[#Headers],0)) -> #N/A
C122: recycling rate | D122: of collected EoL products (coating) | E122: - | F122: =INDEX(tbl_material[],MATCH(F$13,tbl_material[material],0),MATCH(RP_concrete!$F$7,tbl_material[#Headers],0)) -> 0 | I122: =INDEX(tbl_material[],MATCH(I$13,tbl_material[material],0),MATCH(RP_concrete!$I$7,tbl_material[#Headers],0)) -> 0 | L122: =INDEX(tbl_material[],MATCH(L$13,tbl_material[material],0),MATCH(RP_concrete!$I$7,tbl_material[#Headers],0)) -> #N/A | O122: =INDEX(tbl_material[],MATCH(O$13,tbl_material[material],0),MATCH(RP_concrete!$I$7,tbl_material[#Headers],0)) -> #N/A | R122: =INDEX(tbl_material[],MATCH(R$13,tbl_material[material],0),MATCH(RP_concrete!$I$7,tbl_material[#Headers],0)) -> #N/A
C123: cascadability rate | D123: of collected EoL products (coating) | E123: - | F123: =INDEX(tbl_material[],MATCH(F$13,tbl_material[material],0),MATCH(RP_concrete!$F$8,tbl_material[#Headers],0)) -> 0.1 | I123: =INDEX(tbl_material[],MATCH(I$13,tbl_material[material],0),MATCH(RP_concrete!$I$8,tbl_material[#Headers],0)) -> 0.2 | L123: =INDEX(tbl_material[],MATCH(L$13,tbl_material[material],0),MATCH(RP_concrete!$I$8,tbl_material[#Headers],0)) -> #N/A | O123: =INDEX(tbl_material[],MATCH(O$13,tbl_material[material],0),MATCH(RP_concrete!$I$8,tbl_material[#Headers],0)) -> #N/A | R123: =INDEX(tbl_material[],MATCH(R$13,tbl_material[material],0),MATCH(RP_concrete!$I$8,tbl_material[#Headers],0)) -> #N/A
C124: loss rate | D124: of collected EoL products (coating) | E124: - | F124: =1-F121+F121*(1-F122-F123) -> 0.9 | I124: =1-I121+I121*(1-I122-I123) -> 0.8 | L124: =1-L121+L121*(1-L122-L123) -> #N/A | O124: =1-O121+O121*(1-O122-O123) -> #N/A | R124: =1-R121+R121*(1-R122-R123) -> #N/A
C126: recyclability | D126: overall | E126: - | F126: =(F116*F117*F112+F121*F122)/(1+F112) -> 0 | I126: =(I116*I117*I112+I121*I122)/(1+I112) -> 0 | L126: =(L116*L117*L112+L121*L122)/(1+L112) -> #N/A | O126: =(O116*O117*O112+O121*O122)/(1+O112) -> #N/A | R126: =(R116*R117*R112+R121*R122)/(1+R112) -> #N/A
C127: cascadability | D127: overall | E127: - | F127: =(F116*F118*F112+F121*F123)/(1+F112) -> 0.16666667 | I127: =(I116*I118*I112+I121*I123)/(1+I112) -> 0.25 | L127: =(L116*L118*L112+L121*L123)/(1+L112) -> #N/A | O127: =(O116*O118*O112+O121*O123)/(1+O112) -> #N/A | R127: =(R116*R118*R112+R121*R123)/(1+R112) -> #N/A
C128: final loss | D128: overall | E128: - | F128: =1-F126-F127 -> 0.83333333 | I128: =1-I126-I127 -> 0.75 | L128: =1-L126-L127 -> #N/A | O128: =1-O126-O127 -> #N/A | R128: =1-R126-R127 -> #N/A
B130: τ | C130: ressource pressure | D130: coating | E130: - | F130: =(0.5*F111/F106)*(1+F112)*(1/lifetime_concrete)*(1+F108*(1-F126)-F126-F127) -> 1.1388866e-12 | I130: =(0.5*I111/I106)*(1+I112)*(1/lifetime_concrete)*(1+I108*(1-I126)-I126-I127) -> 1.0871191e-12 | L130: =(0.5*L111/L106)*(1+L112)*(1/lifetime_concrete)*(1+L108*(1-L126)-L126-L127) -> #N/A | O130: =(0.5*O111/O106)*(1+O112)*(1/lifetime_concrete)*(1+O108*(1-O126)-O126-O127) -> #N/A | R130: =(0.5*R111/R106)*(1+R112)*(1/lifetime_concrete)*(1+R108*(1-R126)-R126-R127) -> #N/A
A133: electricity | B133: el | C133: electricity | G133: share | J133: share | M133: share | P133: share | S133: share
...

Sheet RP_SICUT
A1: Resource Pressure Calculation
A3: SICUT | D3: option | F3: si_01 | I3: si_02 | L3: si_03 | O3: si_04 | R3: si_05
D4: description | F4: SICUT basic 20 Jahre | I4: SICUT green 20 Jahre | L4: SICUT green 30 Jahre | O4: SICUT green 40 Jahre | R4: SICUT basic 40 Jahre
D5: primary material content | F5: basic_primary material content | I5: green_primary material content | L5: green_primary material content | O5: green_primary material content | R5: basic_primary material content
D6: collection rate of EoL sleeper materials | F6: basic_collection rate | I6: green_collection rate | L6: green_collection rate | O6: green_collection rate | R6: basic_collection rate
D7: recycling rate of collected EoL sleeper materials | F7: basic_recycling rate | I7: green_recycling rate | L7: green_recycling rate | O7: green_recycling rate | R7: basic_recycling rate
D8: cascading rate of collected EoL sleeper materials | F8: basic_cascading rate | I8: green_cascading rate | L8: green_cascading rate | O8: green_cascading rate | R8: basic_cascading rate
G9: τ | J9: τ | M9: τ | P9: τ | S9: τ
D10: bulk material | F10: PET | G10: =F46 -> 9.2134869e-12 | I10: PET | J10: =I46 -> 1.0034491e-12 | L10: PET | M10: =L46 -> 6.6896604e-13 | O10: PET | P10: =O46 -> 5.0172453e-13 | R10: PET | S10: =R46 -> 4.6067434e-12
D11: reinforcement | F11: glass fibre | G11: =F74 -> 2.6448778e-12 | I11: glass fibre | J11: =I74 -> 4.7791108e-13 | L11: glass fibre | M11: =L74 -> 3.1860739e-13 | O11: glass fibre | P11: =O74 -> 2.3895554e-13 | R11: glass fibre | S11: =R74 -> 1.3224389e-12
D12: electricity | F12: basic | G12: =F95 -> 2.4050663e-12 | I12: basic | J12: =I95 -> 2.4050663e-12 | L12: basic | M12: =L95 -> 1.6033776e-12 | O12: basic | P12: =O95 -> 1.2025332e-12 | R12: basic | S12: =R95 -> 1.2025332e-12
D13: heat | F13: basic | G13: =F110 -> 1.5468077e-13 | I13: basic | J13: =I110 -> 1.5468077e-13 | L13: basic | M13: =L110 -> 1.0312051e-13 | O13: basic | P13: =O110 -> 7.7340384e-14 | R13: basic | S13: =R110 -> 7.7340384e-14
D14: transport land | F14: basic_land | G14: =F124 -> 5.7119916e-14 | I14: basic_land | J14: =I124 -> 5.7119916e-14 | L14: basic_land | M14: =L124 -> 3.8079944e-14 | O14: basic_land | P14: =O124 -> 2.8559958e-14 | R14: basic_land | S14: =R124 -> 2.8559958e-14
D15: transport overseas | F15: basic_overseas | G15: =F137 -> 0 | I15: basic_overseas | J15: =I137 -> 0 | L15: basic_overseas | M15: =L137 -> 0 | O15: basic_overseas | P15: =O137 -> 0 | R15: basic_overseas | S15: =R137 -> 0
D16: ressource pressure | G16: =SUM(G10:G15) -> 1.4475232e-11 | J16: =SUM(J10:J15) -> 4.0982272e-12 | M16: =SUM(M10:M15) -> 2.7321514e-12 | P16: =SUM(P10:P15) -> 2.0491136e-12 | S16: =SUM(S10:S15) -> 7.2376158e-12
B17: Input cell
A18: aspect | B18: icon | C18: name | D18: description | E18: unit
B19: #VALUE! | C19: Life Time | D19: Use phase duration | E19: year | F19: 20 | I19: 20 | L19: 30 | O19: 40 | R19: 40
A21: bulk material | B21: mat | C21: material | D21: ERP identifier | F21: =INDEX(tbl_material[],MATCH(F$10,tbl_material[ERP identifier],0),MATCH(RP_SICUT!$D$21,tbl_material[#Headers],0)) -> PET | I21: =INDEX(tbl_material[],MATCH(I$10,tbl_material[ERP identifier],0),MATCH(RP_SICUT!$D$21,tbl_material[#Headers],0)) -> PET | L21: =INDEX(tbl_material[],MATCH(L$10,tbl_material[ERP identifier],0),MATCH(RP_SICUT!$D$21,tbl_material[#Headers],0)) -> PET | O21: =INDEX(tbl_material[],MATCH(O$10,tbl_material[ERP identifier],0),MATCH(RP_SICUT!$D$21,tbl_material[#Headers],0)) -> PET | R21: =INDEX(tbl_material[],MATCH(R$10,tbl_material[ERP identifier],0),MATCH(RP_SICUT!$D$21,tbl_material[#Headers],0)) -> PET
B22: ERP | C22: Environmental Ressource Potential | D22: ERP effective [FU/a] | E22: kg/a | F22: =INDEX(tbl_ERP[],MATCH(F21,tbl_ERP[Identifier],0),MATCH(RP_SICUT!$D$22,tbl_ERP[#Headers],0)) -> 1.781356e+11 | I22: =INDEX(tbl_ERP[],MATCH(I21,tbl_ERP[Identifier],0),MATCH(RP_SICUT!$D$22,tbl_ERP[#Headers],0)) -> 1.781356e+11 | L22: =INDEX(tbl_ERP[],MATCH(L21,tbl_ERP[Identifier],0),MATCH(RP_SICUT!$D$22,tbl_ERP[#Headers],0)) -> 1.781356e+11 | O22: =INDEX(tbl_ERP[],MATCH(O21,tbl_ERP[Identifier],0),MATCH(RP_SICUT!$D$22,tbl_ERP[#Headers],0)) -> 1.781356e+11 | R22: =INDEX(tbl_ERP[],MATCH(R21,tbl_ERP[Identifier],0),MATCH(RP_SICUT!$D$22,tbl_ERP[#Headers],0)) -> 1.781356e+11
C24: primary material content | D24: per input (primary and secondary) without recycling | E24: - | F24: =INDEX(tbl_material[],MATCH(F$10,tbl_material[material],0),MATCH(RP_SICUT!$F$5,tbl_material[#Headers],0)) -> 0 | I24: =INDEX(tbl_material[],MATCH(I$10,tbl_material[material],0),MATCH(RP_SICUT!I$5,tbl_material[#Headers],0)) -> 0 | L24: =INDEX(tbl_material[],MATCH(L$10,tbl_material[material],0),MATCH(RP_SICUT!L$5,tbl_material[#Headers],0)) -> 0 | O24: =INDEX(tbl_material[],MATCH(O$10,tbl_material[material],0),MATCH(RP_SICUT!O$5,tbl_material[#Headers],0)) -> 0 | R24: =INDEX(tbl_material[],MATCH(R$10,tbl_material[material],0),MATCH(RP_SICUT!R$5,tbl_material[#Headers],0)) -> 0
C25: secondary material content | D25: per input (primary and secondary) without recycling | E25: - | F25: =1-F24 -> 1 | I25: =1-I24 -> 1 | L25: =1-L24 -> 1 | O25: =1-O24 -> 1 | R25: =1-R24 -> 1
C27: mass | D27: per sleeper | E27: kg | F27: =INDEX(tbl_material[],MATCH(F$10,tbl_material[material],0),MATCH(RP_SICUT!$C$27,tbl_material[#Headers],0)) -> 65 | I27: =INDEX(tbl_material[],MATCH(I$10,tbl_material[material],0),MATCH(RP_SICUT!$C$27,tbl_material[#Headers],0)) -> 65 | L27: =INDEX(tbl_material[],MATCH(L$10,tbl_material[material],0),MATCH(RP_SICUT!$C$27,tbl_material[#Headers],0)) -> 65 | O27: =INDEX(tbl_material[],MATCH(O$10,tbl_material[material],0),MATCH(RP_SICUT!$C$27,tbl_material[#Headers],0)) -> 65 | R27: =INDEX(tbl_material[],MATCH(R$10,tbl_material[material],0),MATCH(RP_SICUT!$C$27,tbl_material[#Headers],0)) -> 65
C28: manufacturing losses | D28: in relation to product | E28: - | F28: =INDEX(tbl_material[],MATCH(F$10,tbl_material[material],0),MATCH(RP_SICUT!$C$28,tbl_material[#Headers],0)) -> 0.1 | I28: =INDEX(tbl_material[],MATCH(I$10,tbl_material[material],0),MATCH(RP_SICUT!$C$28,tbl_material[#Headers],0)) -> 0.1 | L28: =INDEX(tbl_material[],MATCH(L$10,tbl_material[material],0),MATCH(RP_SICUT!$C$28,tbl_material[#Headers],0)) -> 0.1 | O28: =INDEX(tbl_material[],MATCH(O$10,tbl_material[material],0),MATCH(RP_SICUT!$C$28,tbl_material[#Headers],0)) -> 0.1 | R28: =INDEX(tbl_material[],MATCH(R$10,tbl_material[material],0),MATCH(RP_SICUT!$C$28,tbl_material[#Headers],0)) -> 0.1
C29: manufacturing losses | D29: per product | E29: kg | F29: =F27*F28 -> 6.5 | I29: =I27*I28 -> 6.5 | L29: =L27*L28 -> 6.5 | O29: =O27*O28 -> 6.5 | R29: =R27*R28 -> 6.5
C30: mass required | D30: per product | E30: kg | F30: =F27*(1+F28) -> 71.5 | I30: =I27*(1+I28) -> 71.5 | L30: =L27*(1+L28) -> 71.5 | O30: =O27*(1+O28) -> 71.5 | R30: =R27*(1+R28) -> 71.5
C32: collection rate | D32: of manufacturing losses | E32: - | F32: =INDEX(tbl_material[],MATCH(F$10,tbl_material[material],0),MATCH(RP_SICUT!$C$32,tbl_material[#Headers],0)) -> 1 | I32: =INDEX(tbl_material[],MATCH(I$10,tbl_material[material],0),MATCH(RP_SICUT!$C$32,tbl_material[#Headers],0)) -> 1 | L32: =INDEX(tbl_material[],MATCH(L$10,tbl_material[material],0),MATCH(RP_SICUT!$C$32,tbl_material[#Headers],0)) -> 1 | O32: =INDEX(tbl_material[],MATCH(O$10,tbl_material[material],0),MATCH(RP_SICUT!$C$32,tbl_material[#Headers],0)) -> 1 | R32: =INDEX(tbl_material[],MATCH(R$10,tbl_material[material],0),MATCH(RP_SICUT!$C$32,tbl_material[#Headers],0)) -> 1
C33: recycling rate | D33: of collected manufacturing losses | E33: - | F33: =INDEX(tbl_material[],MATCH(F$10,tbl_material[material],0),MATCH(RP_SICUT!$C$33,tbl_material[#Headers],0)) -> 0.9 | I33: =INDEX(tbl_material[],MATCH(I$10,tbl_material[material],0),MATCH(RP_SICUT!$C$33,tbl_material[#Headers],0)) -> 0.9 | L33: =INDEX(tbl_material[],MATCH(L$10,tbl_material[material],0),MATCH(RP_SICUT!$C$33,tbl_material[#Headers],0)) -> 0.9 | O33: =INDEX(tbl_material[],MATCH(O$10,tbl_material[material],0),MATCH(RP_SICUT!$C$33,tbl_material[#Headers],0)) -> 0.9 | R33: =INDEX(tbl_material[],MATCH(R$10,tbl_material[material],0),MATCH(RP_SICUT!$C$33,tbl_material[#Headers],0)) -> 0.9
C34: cascading rate | D34: of collected manufacturing losses | E34: - | F34: =INDEX(tbl_material[],MATCH(F$10,tbl_material[material],0),MATCH(RP_SICUT!$C$34,tbl_material[#Headers],0)) -> 0 | I34: =INDEX(tbl_material[],MATCH(I$10,tbl_material[material],0),MATCH(RP_SICUT!$C$34,tbl_material[#Headers],0)) -> 0 | L34: =INDEX(tbl_material[],MATCH(L$10,tbl_material[material],0),MATCH(RP_SICUT!$C$34,tbl_material[#Headers],0)) -> 0 | O34: =INDEX(tbl_material[],MATCH(O$10,tbl_material[material],0),MATCH(RP_SICUT!$C$34,tbl_material[#Headers],0)) -> 0 | R34: =INDEX(tbl_material[],MATCH(R$10,tbl_material[material],0),MATCH(RP_SICUT!$C$34,tbl_material[#Headers],0)) -> 0
C35: loss rate | D35: of collected manufacturing losses | E35: - | F35: =1-F32+F32*(1-F33-F34) -> 0.1 | I35: =1-I32+I32*(1-I33-I34) -> 0.1 | L35: =1-L32+L32*(1-L33-L34) -> 0.1 | O35: =1-O32+O32*(1-O33-O34) -> 0.1 | R35: =1-R32+R32*(1-R33-R34) -> 0.1
C37: collection rate | D37: of EoL products | E37: - | F37: =INDEX(tbl_material[],MATCH(F$10,tbl_material[material],0),MATCH(RP_SICUT!$F$6,tbl_material[#Headers],0)) -> 1 | I37: =INDEX(tbl_material[],MATCH(I$10,tbl_material[material],0),MATCH(RP_SICUT!I$6,tbl_material[#Headers],0)) -> 1 | L37: =INDEX(tbl_material[],MATCH(L$10,tbl_material[material],0),MATCH(RP_SICUT!L$6,tbl_material[#Headers],0)) -> 1 | O37: =INDEX(tbl_material[],MATCH(O$10,tbl_material[material],0),MATCH(RP_SICUT!O$6,tbl_material[#Headers],0)) -> 1 | R37: =INDEX(tbl_material[],MATCH(R$10,tbl_material[material],0),MATCH(RP_SICUT!R$6,tbl_material[#Headers],0)) -> 1
C38: recycling rate | D38: of collected EoL products (base material) | E38: - | F38: =INDEX(tbl_material[],MATCH(F$10,tbl_material[material],0),MATCH(RP_SICUT!$F$7,tbl_material[#Headers],0)) -> 0 | I38: =INDEX(tbl_material[],MATCH(I$10,tbl_material[material],0),MATCH(RP_SICUT!$I$7,tbl_material[#Headers],0)) -> 0.5 | L38: =INDEX(tbl_material[],MATCH(L$10,tbl_material[material],0),MATCH(RP_SICUT!$L$7,tbl_material[#Headers],0)) -> 0.5 | O38: =INDEX(tbl_material[],MATCH(O$10,tbl_material[material],0),MATCH(RP_SICUT!$O$7,tbl_material[#Headers],0)) -> 0.5 | R38: =INDEX(tbl_material[],MATCH(R$10,tbl_material[material],0),MATCH(RP_SICUT!R$7,tbl_material[#Headers],0)) -> 0
C39: cascading rate | D39: of collected EoL products (base material) | E39: - | F39: =INDEX(tbl_material[],MATCH(F$10,tbl_material[material],0),MATCH(RP_SICUT!$F$8,tbl_material[#Headers],0)) -> 0 | I39: =INDEX(tbl_material[],MATCH(I$10,tbl_material[material],0),MATCH(RP_SICUT!I$8,tbl_material[#Headers],0)) -> 0.4 | L39: =INDEX(tbl_material[],MATCH(L$10,tbl_material[material],0),MATCH(RP_SICUT!L$8,tbl_material[#Headers],0)) -> 0.4 | O39: =INDEX(tbl_material[],MATCH(O$10,tbl_material[material],0),MATCH(RP_SICUT!O$8,tbl_material[#Headers],0)) -> 0.4 | R39: =INDEX(tbl_material[],MATCH(R$10,tbl_material[material],0),MATCH(RP_SICUT!R$8,tbl_material[#Headers],0)) -> 0
C40: loss rate | D40: of collected EoL products (base material) | E40: - | F40: =1-F37+F37*(1-F38-F39) -> 1 | I40: =1-I37+I37*(1-I38-I39) -> 0.1 | L40: =1-L37+L37*(1-L38-L39) -> 0.1 | O40: =1-O37+O37*(1-O38-O39) -> 0.1 | R40: =1-R37+R37*(1-R38-R39) -> 1
C42: recyclability | D42: overall | E42: - | F42: =(F32*F33*F28+F37*F38)/(1+F28) -> 0.081818182 | I42: =(I32*I33*I28+I37*I38)/(1+I28) -> 0.53636364 | L42: =(L32*L33*L28+L37*L38)/(1+L28) -> 0.53636364 | O42: =(O32*O33*O28+O37*O38)/(1+O28) -> 0.53636364 | R42: =(R32*R33*R28+R37*R38)/(1+R28) -> 0.081818182
C43: cascadability | D43: overall | E43: - | F43: =(F32*F34*F28+F37*F39)/(1+F28) -> 0 | I43: =(I32*I34*I28+I37*I39)/(1+I28) -> 0.36363636 | L43: =(L32*L34*L28+L37*L39)/(1+L28) -> 0.36363636 | O43: =(O32*O34*O28+O37*O39)/(1+O28) -> 0.36363636 | R43: =(R32*R34*R28+R37*R39)/(1+R28) -> 0
C44: final loss | D44: overall | E44: - | F44: =1-F42-F43 -> 0.91818182 | I44: =1-I42-I43 -> 0.1 | L44: =1-L42-L43 -> 0.1 | O44: =1-O42-O43 -> 0.1 | R44: =1-R42-R43 -> 0.91818182
B46: τ | C46: ressource pressure | D46: base material | E46: - | F46: =(0.5*F27/F22)*(1+F28)*(1/F19)*(1+F24*(1-F42)-F42-F43) -> 9.2134869e-12 | I46: =(0.5*I27/I22)*(1+I28)*(1/I19)*(1+I24*(1-I42)-I42-I43) -> 1.0034491e-12 | L46: =(0.5*L27/L22)*(1+L28)*(1/L19)*(1+L24*(1-L42)-L42-L43) -> 6.6896604e-13 | O46: =(0.5*O27/O22)*(1+O28)*(1/O19)*(1+O24*(1-O42)-O42-O43) -> 5.0172453e-13 | R46: =(0.5*R27/R22)*(1+R28)*(1/R19)*(1+R24*(1-R42)-R42-R43) -> 4.6067434e-12
A49: reinforcement | B49: mat | C49: material | D49: ERP identifier | F49: =INDEX(tbl_material[],MATCH(F$11,tbl_material[ERP identifier],0),MATCH(RP_SICUT!$D$49,tbl_material[#Headers],0)) -> glass fibre | I49: =INDEX(tbl_material[],MATCH(I$11,tbl_material[ERP identifier],0),MATCH(RP_SICUT!$D$49,tbl_material[#Headers],0)) -> glass fibre | L49: =INDEX(tbl_material[],MATCH(L$11,tbl_material[ERP identifier],0),MATCH(RP_SICUT!$D$49,tbl_material[#Headers],0)) -> glass fibre | O49: =INDEX(tbl_material[],MATCH(O$11,tbl_material[ERP identifier],0),MATCH(RP_SICUT!$D$49,tbl_material[#Headers],0)) -> glass fibre | R49: =INDEX(tbl_material[],MATCH(R$11,tbl_material[ERP identifier],0),MATCH(RP_SICUT!$D$49,tbl_material[#Headers],0)) -> glass fibre
B50: ERP | C50: Environmental Ressource Potential | D50: ERP effective [FU/a] | E50: kg/a | F50: =INDEX(tbl_ERP[],MATCH(F49,tbl_ERP[Identifier],0),MATCH(RP_SICUT!$D$50,tbl_ERP[#Headers],0)) -> 3.818702e+11 | I50: =INDEX(tbl_ERP[],MATCH(I49,tbl_ERP[Identifier],0),MATCH(RP_SICUT!$D$50,tbl_ERP[#Headers],0)) -> 3.818702e+11 | L50: =INDEX(tbl_ERP[],MATCH(L49,tbl_ERP[Identifier],0),MATCH(RP_SICUT!$D$50,tbl_ERP[#Headers],0)) -> 3.818702e+11 | O50: =INDEX(tbl_ERP[],MATCH(O49,tbl_ERP[Identifier],0),MATCH(RP_SICUT!$D$50,tbl_ERP[#Headers],0)) -> 3.818702e+11 | R50: =INDEX(tbl_ERP[],MATCH(R49,tbl_ERP[Identifier],0),MATCH(RP_SICUT!$D$50,tbl_ERP[#Headers],0)) -> 3.818702e+11
C52: primary material content | D52: per input (primary and secondary) without recycling | E52: - | F52: =INDEX(tbl_material[],MATCH(F$11,tbl_material[material],0),MATCH(RP_SICUT!$F$5,tbl_material[#Headers],0)) -> 1 | I52: =INDEX(tbl_material[],MATCH(I$11,tbl_material[material],0),MATCH(RP_SICUT!I$5,tbl_material[#Headers],0)) -> 0.5 | L52: =INDEX(tbl_material[],MATCH(L$11,tbl_material[material],0),MATCH(RP_SICUT!L$5,tbl_material[#Headers],0)) -> 0.5 | O52: =INDEX(tbl_material[],MATCH(O$11,tbl_material[material],0),MATCH(RP_SICUT!O$5,tbl_material[#Headers],0)) -> 0.5 | R52: =INDEX(tbl_material[],MATCH(R$11,tbl_material[material],0),MATCH(RP_SICUT!R$5,tbl_material[#Headers],0)) -> 1
C53: secondary material content | D53: per input (primary and secondary) without recycling | E53: - | F53: =1-F52 -> 0 | I53: =1-I52 -> 0.5 | L53: =1-L52 -> 0.5 | O53: =1-O52 -> 0.5 | R53: =1-R52 -> 0
C55: mass | D55: per sleeper | E55: kg | F55: =INDEX(tbl_material[],MATCH(F$11,tbl_material[material],0),MATCH(RP_SICUT!$C$55,tbl_material[#Headers],0)) -> 20 | I55: =INDEX(tbl_material[],MATCH(I$11,tbl_material[material],0),MATCH(RP_SICUT!$C$55,tbl_material[#Headers],0)) -> 20 | L55: =INDEX(tbl_material[],MATCH(L$11,tbl_material[material],0),MATCH(RP_SICUT!$C$55,tbl_material[#Headers],0)) -> 20 | O55: =INDEX(tbl_material[],MATCH(O$11,tbl_material[material],0),MATCH(RP_SICUT!$C$55,tbl_material[#Headers],0)) -> 20 | R55: =INDEX(tbl_material[],MATCH(R$11,tbl_material[material],0),MATCH(RP_SICUT!$C$55,tbl_material[#Headers],0)) -> 20
C56: manufacturing losses | D56: in relation to product | E56: - | F56: =INDEX(tbl_material[],MATCH(F$11,tbl_material[material],0),MATCH(RP_SICUT!$C$56,tbl_material[#Headers],0)) -> 0.1 | I56: =INDEX(tbl_material[],MATCH(I$11,tbl_material[material],0),MATCH(RP_SICUT!$C$56,tbl_material[#Headers],0)) -> 0.1 | L56: =INDEX(tbl_material[],MATCH(L$11,tbl_material[material],0),MATCH(RP_SICUT!$C$56,tbl_material[#Headers],0)) -> 0.1 | O56: =INDEX(tbl_material[],MATCH(O$11,tbl_material[material],0),MATCH(RP_SICUT!$C$56,tbl_material[#Headers],0)) -> 0.1 | R56: =INDEX(tbl_material[],MATCH(R$11,tbl_material[material],0),MATCH(RP_SICUT!$C$56,tbl_material[#Headers],0)) -> 0.1
C57: manufacturing losses | D57: per product | E57: kg | F57: =F55*F56 -> 2 | I57: =I55*I56 -> 2 | L57: =L55*L56 -> 2 | O57: =O55*O56 -> 2 | R57: =R55*R56 -> 2
C58: mass required | D58: per product | E58: kg | F58: =F55*(1+F56) -> 22 | I58: =I55*(1+I56) -> 22 | L58: =L55*(1+L56) -> 22 | O58: =O55*(1+O56) -> 22 | R58: =R55*(1+R56) -> 22
C60: collection rate | D60: of manufacturing losses | E60: - | F60: =INDEX(tbl_material[],MATCH(F$11,tbl_material[material],0),MATCH(RP_SICUT!$C$60,tbl_material[#Headers],0)) -> 1 | I60: =INDEX(tbl_material[],MATCH(I$11,tbl_material[material],0),MATCH(RP_SICUT!$C$60,tbl_material[#Headers],0)) -> 1 | L60: =INDEX(tbl_material[],MATCH(L$11,tbl_material[material],0),MATCH(RP_SICUT!$C$60,tbl_material[#Headers],0)) -> 1 | O60: =INDEX(tbl_material[],MATCH(O$11,tbl_material[material],0),MATCH(RP_SICUT!$C$60,tbl_material[#Headers],0)) -> 1 | R60: =INDEX(tbl_material[],MATCH(R$11,tbl_material[material],0),MATCH(RP_SICUT!$C$60,tbl_material[#Headers],0)) -> 1
C61: recycling rate | D61: of collected manufacturing losses | E61: - | F61: =INDEX(tbl_material[],MATCH(F$11,tbl_material[material],0),MATCH(RP_SICUT!$C$61,tbl_material[#Headers],0)) -> 0.9 | I61: =INDEX(tbl_material[],MATCH(I$11,tbl_material[material],0),MATCH(RP_SICUT!$C$61,tbl_material[#Headers],0)) -> 0.9 | L61: =INDEX(tbl_material[],MATCH(L$11,tbl_material[material],0),MATCH(RP_SICUT!$C$61,tbl_material[#Headers],0)) -> 0.9 | O61: =INDEX(tbl_material[],MATCH(O$11,tbl_material[material],0),MATCH(RP_SICUT!$C$61,tbl_material[#Headers],0)) -> 0.9 | R61: =INDEX(tbl_material[],MATCH(R$11,tbl_material[material],0),MATCH(RP_SICUT!$C$61,tbl_material[#Headers],0)) -> 0.9
C62: cascading rate | D62: of collected manufacturing losses | E62: - | F62: =INDEX(tbl_material[],MATCH(F$11,tbl_material[material],0),MATCH(RP_SICUT!$C$62,tbl_material[#Headers],0)) -> 0 | I62: =INDEX(tbl_material[],MATCH(I$11,tbl_material[material],0),MATCH(RP_SICUT!$C$62,tbl_material[#Headers],0)) -> 0 | L62: =INDEX(tbl_material[],MATCH(L$11,tbl_material[material],0),MATCH(RP_SICUT!$C$62,tbl_material[#Headers],0)) -> 0 | O62: =INDEX(tbl_material[],MATCH(O$11,tbl_material[material],0),MATCH(RP_SICUT!$C$62,tbl_material[#Headers],0)) -> 0 | R62: =INDEX(tbl_material[],MATCH(R$11,tbl_material[material],0),MATCH(RP_SICUT!$C$62,tbl_material[#Headers],0)) -> 0
C63: loss rate | D63: of collected manufacturing losses | E63: - | F63: =1-F60+F60*(1-F61-F62) -> 0.1 | I63: =1-I60+I60*(1-I61-I62) -> 0.1 | L63: =1-L60+L60*(1-L61-L62) -> 0.1 | O63: =1-O60+O60*(1-O61-O62) -> 0.1 | R63: =1-R60+R60*(1-R61-R62) -> 0.1
C65: collection rate | D65: of EoL products | E65: - | F65: =INDEX(tbl_material[],MATCH(F$11,tbl_material[material],0),MATCH(RP_SICUT!$F$6,tbl_material[#Headers],0)) -> 1 | I65: =INDEX(tbl_material[],MATCH(I$11,tbl_material[material],0),MATCH(RP_SICUT!I$6,tbl_material[#Headers],0)) -> 1 | L65: =INDEX(tbl_material[],MATCH(L$11,tbl_material[material],0),MATCH(RP_SICUT!L$6,tbl_material[#Headers],0)) -> 1 | O65: =INDEX(tbl_material[],MATCH(O$11,tbl_material[material],0),MATCH(RP_SICUT!O$6,tbl_material[#Headers],0)) -> 1 | R65: =INDEX(tbl_material[],MATCH(R$11,tbl_material[material],0),MATCH(RP_SICUT!R$6,tbl_material[#Headers],0)) -> 1
C66: recycling rate | D66: of collected EoL products (base material) | E66: - | F66: =INDEX(tbl_material[],MATCH(F$11,tbl_material[material],0),MATCH(RP_SICUT!$F$7,tbl_material[#Headers],0)) -> 0 | I66: =INDEX(tbl_material[],MATCH(I$11,tbl_material[material],0),MATCH(RP_SICUT!I$7,tbl_material[#Headers],0)) -> 0.5 | L66: =INDEX(tbl_material[],MATCH(L$11,tbl_material[material],0),MATCH(RP_SICUT!L$7,tbl_material[#Headers],0)) -> 0.5 | O66: =INDEX(tbl_material[],MATCH(O$11,tbl_material[material],0),MATCH(RP_SICUT!O$7,tbl_material[#Headers],0)) -> 0.5 | R66: =INDEX(tbl_material[],MATCH(R$11,tbl_material[material],0),MATCH(RP_SICUT!R$7,tbl_material[#Headers],0)) -> 0
C67: cascading rate | D67: of collected EoL products (base material) | E67: - | F67: =INDEX(tbl_material[],MATCH(F$11,tbl_material[material],0),MATCH(RP_SICUT!$F$8,tbl_material[#Headers],0)) -> 0 | I67: =INDEX(tbl_material[],MATCH(I$11,tbl_material[material],0),MATCH(RP_SICUT!I$8,tbl_material[#Headers],0)) -> 0.4 | L67: =INDEX(tbl_material[],MATCH(L$11,tbl_material[material],0),MATCH(RP_SICUT!L$8,tbl_material[#Headers],0)) -> 0.4 | O67: =INDEX(tbl_material[],MATCH(O$11,tbl_material[material],0),MATCH(RP_SICUT!O$8,tbl_material[#Headers],0)) -> 0.4 | R67: =INDEX(tbl_material[],MATCH(R$11,tbl_material[material],0),MATCH(RP_SICUT!R$8,tbl_material[#Headers],0)) -> 0
C68: loss rate | D68: of collected EoL products (base material) | E68: - | F68: =1-F65+F65*(1-F66-F67) -> 1 | I68: =1-I65+I65*(1-I66-I67) -> 0.1 | L68: =1-L65+L65*(1-L66-L67) -> 0.1 | O68: =1-O65+O65*(1-O66-O67) -> 0.1 | R68: =1-R65+R65*(1-R66-R67) -> 1
C70: recyclability | D70: overall | E70: - | F70: =(F60*F61*F56+F65*F66)/(1+F56) -> 0.081818182 | I70: =(I60*I61*I56+I65*I66)/(1+I56) -> 0.53636364 | L70: =(L60*L61*L56+L65*L66)/(1+L56) -> 0.53636364 | O70: =(O60*O61*O56+O65*O66)/(1+O56) -> 0.53636364 | R70: =(R60*R61*R56+R65*R66)/(1+R56) -> 0.081818182
C71: cascadability | D71: overall | E71: - | F71: =(F60*F62*F56+F65*F67)/(1+F56) -> 0 | I71: =(I60*I62*I56+I65*I67)/(1+I56) -> 0.36363636 | L71: =(L60*L62*L56+L65*L67)/(1+L56) -> 0.36363636 | O71: =(O60*O62*O56+O65*O67)/(1+O56) -> 0.36363636 | R71: =(R60*R62*R56+R65*R67)/(1+R56) -> 0
C72: final loss | D72: overall | E72: - | F72: =1-F70-F71 -> 0.91818182 | I72: =1-I70-I71 -> 0.1 | L72: =1-L70-L71 -> 0.1 | O72: =1-O70-O71 -> 0.1 | R72: =1-R70-R71 -> 0.91818182
B74: τ | C74: ressource pressure | D74: base material | E74: - | F74: =(0.5*F55/F50)*(1+F56)*(1/F19)*(1+F52*(1-F70)-F70-F71) -> 2.6448778e-12 | I74: =(0.5*I55/I50)*(1+I56)*(1/I19)*(1+I52*(1-I70)-I70-I71) -> 4.7791108e-13 | L74: =(0.5*L55/L50)*(1+L56)*(1/L19)*(1+L52*(1-L70)-L70-L71) -> 3.1860739e-13 | O74: =(0.5*O55/O50)*(1+O56)*(1/O19)*(1+O52*(1-O70)-O70-O71) -> 2.3895554e-13 | R74: =(0.5*R55/R50)*(1+R56)*(1/R19)*(1+R52*(1-R70)-R70-R71) -> 1.3224389e-12
A77: electricity | B77: el | C77: electricity | G77: share | J77: share | M77: share | P77: share | S77: share
B78: ERP | C78: Environmental Ressource Potential | D78: el, coal | E78: kWh/a | F78: =VLOOKUP($D78,tbl_ERP[],7,0) -> 7.5680604e+11 | G78: =INDEX(tbl_electricity[],MATCH($D$78,tbl_electricity[ERP identifier],0),MATCH(RP_SICUT!F$12,tbl_electricity[#Headers],0)) -> 0 | I78: =VLOOKUP($D78,tbl_ERP[],7,0) -> 7.5680604e+11 | J78: =INDEX(tbl_electricity[],MATCH($D$78,tbl_electricity[ERP identifier],0),MATCH(RP_SICUT!I$12,tbl_electricity[#Headers],0)) -> 0 | L78: =VLOOKUP($D78,tbl_ERP[],7,0) -> 7.5680604e+11 | M78: =INDEX(tbl_electricity[],MATCH($D$78,tbl_electricity[ERP identifier],0),MATCH(RP_SICUT!L$12,tbl_electricity[#Headers],0)) -> 0 | O78: =VLOOKUP($D78,tbl_ERP[],7,0) -> 7.5680604e+11 | P78: =INDEX(tbl_electricity[],MATCH($D$78,tbl_electricity[ERP identifier],0),MATCH(RP_SICUT!O$12,tbl_electricity[#Headers],0)) -> 0 | R78: =VLOOKUP($D78,tbl_ERP[],7,0) -> 7.5680604e+11 | S78: =INDEX(tbl_electricity[],MATCH($D$78,tbl_electricity[ERP identifier],0),MATCH(RP_SICUT!R$12,tbl_electricity[#Headers],0)) -> 0
D79: el, oil | E79: kWh/a | F79: =VLOOKUP($D79,tbl_ERP[],7,0) -> 8.802081e+11 | G79: =INDEX(tbl_electricity[],MATCH($D$79,tbl_electricity[ERP identifier],0),MATCH(RP_SICUT!F$12,tbl_electricity[#Headers],0)) -> 0 | I79: =VLOOKUP($D79,tbl_ERP[],7,0) -> 8.802081e+11 | J79: =INDEX(tbl_electricity[],MATCH($D$79,tbl_electricity[ERP identifier],0),MATCH(RP_SICUT!I$12,tbl_electricity[#Headers],0)) -> 0 | L79: =VLOOKUP($D79,tbl_ERP[],7,0) -> 8.802081e+11 | M79: =INDEX(tbl_electricity[],MATCH($D$79,tbl_electricity[ERP identifier],0),MATCH(RP_SICUT!L$12,tbl_electricity[#Headers],0)) -> 0 | O79: =VLOOKUP($D79,tbl_ERP[],7,0) -> 8.802081e+11 | P79: =INDEX(tbl_electricity[],MATCH($D$79,tbl_electricity[ERP identifier],0),MATCH(RP_SICUT!O$12,tbl_electricity[#Headers],0)) -> 0 | R79: =VLOOKUP($D79,tbl_ERP[],7,0) -> 8.802081e+11 | S79: =INDEX(tbl_electricity[],MATCH($D$79,tbl_electricity[ERP identifier],0),MATCH(RP_SICUT!R$12,tbl_electricity[#Headers],0)) -> 0
D80: el, gas | E80: kWh/a | F80: =VLOOKUP($D80,tbl_ERP[],7,0) -> 1.4210338e+12 | G80: =INDEX(tbl_electricity[],MATCH($D$80,tbl_electricity[ERP identifier],0),MATCH(RP_SICUT!F$12,tbl_electricity[#Headers],0)) -> 0.019 | I80: =VLOOKUP($D80,tbl_ERP[],7,0) -> 1.4210338e+12 | J80: =INDEX(tbl_electricity[],MATCH($D$80,tbl_electricity[ERP identifier],0),MATCH(RP_SICUT!I$12,tbl_electricity[#Headers],0)) -> 0.019 | L80: =VLOOKUP($D80,tbl_ERP[],7,0) -> 1.4210338e+12 | M80: =INDEX(tbl_electricity[],MATCH($D$80,tbl_electricity[ERP identifier],0),MATCH(RP_SICUT!L$12,tbl_electricity[#Headers],0)) -> 0.019 | O80: =VLOOKUP($D80,tbl_ERP[],7,0) -> 1.4210338e+12 | P80: =INDEX(tbl_electricity[],MATCH($D$80,tbl_electricity[ERP identifier],0),MATCH(RP_SICUT!O$12,tbl_electricity[#Headers],0)) -> 0.019 | R80: =VLOOKUP($D80,tbl_ERP[],7,0) -> 1.4210338e+12 | S80: =INDEX(tbl_electricity[],MATCH($D$80,tbl_electricity[ERP identifier],0),MATCH(RP_SICUT!R$12,tbl_electricity[#Headers],0)) -> 0.019
D81: el, nuclear | E81: kWh/a | F81: =VLOOKUP($D81,tbl_ERP[],7,0) -> 7.0311942e+12 | G81: =INDEX(tbl_electricity[],MATCH($D$81,tbl_electricity[ERP identifier],0),MATCH(RP_SICUT!F$12,tbl_electricity[#Headers],0)) -> 0.289 | I81: =VLOOKUP($D81,tbl_ERP[],7,0) -> 7.0311942e+12 | J81: =INDEX(tbl_electricity[],MATCH($D$81,tbl_electricity[ERP identifier],0),MATCH(RP_SICUT!I$12,tbl_electricity[#Headers],0)) -> 0.289 | L81: =VLOOKUP($D81,tbl_ERP[],7,0) -> 7.0311942e+12 | M81: =INDEX(tbl_electricity[],MATCH($D$81,tbl_electricity[ERP identifier],0),MATCH(RP_SICUT!L$12,tbl_electricity[#Headers],0)) -> 0.289 | O81: =VLOOKUP($D81,tbl_ERP[],7,0) -> 7.0311942e+12 | P81: =INDEX(tbl_electricity[],MATCH($D$81,tbl_electricity[ERP identifier],0),MATCH(RP_SICUT!O$12,tbl_electricity[#Headers],0)) -> 0.289 | R81: =VLOOKUP($D81,tbl_ERP[],7,0) -> 7.0311942e+12 | S81: =INDEX(tbl_electricity[],MATCH($D$81,tbl_electricity[ERP identifier],0),MATCH(RP_SICUT!R$12,tbl_electricity[#Headers],0)) -> 0.289
D82: el, wind, on | E82: kWh/a | F82: =VLOOKUP($D82,tbl_ERP[],7,0) -> 1130000000000 | G82: =INDEX(tbl_electricity[],MATCH($D$82,tbl_electricity[ERP identifier],0),MATCH(RP_SICUT!F$12,tbl_electricity[#Headers],0)) -> 0.01 | I82: =VLOOKUP($D82,tbl_ERP[],7,0) -> 1130000000000 | J82: =INDEX(tbl_electricity[],MATCH($D$82,tbl_electricity[ERP identifier],0),MATCH(RP_SICUT!I$12,tbl_electricity[#Headers],0)) -> 0.01 | L82: =VLOOKUP($D82,tbl_ERP[],7,0) -> 1130000000000 | M82: =INDEX(tbl_electricity[],MATCH($D$82,tbl_electricity[ERP identifier],0),MATCH(RP_SICUT!L$12,tbl_electricity[#Headers],0)) -> 0.01 | O82: =VLOOKUP($D82,tbl_ERP[],7,0) -> 1130000000000 | P82: =INDEX(tbl_electricity[],MATCH($D$82,tbl_electricity[ERP identifier],0),MATCH(RP_SICUT!O$12,tbl_electricity[#Headers],0)) -> 0.01 | R82: =VLOOKUP($D82,tbl_ERP[],7,0) -> 1130000000000 | S82: =INDEX(tbl_electricity[],MATCH($D$82,tbl_electricity[ERP identifier],0),MATCH(RP_SICUT!R$12,tbl_electricity[#Headers],0)) -> 0.01
D83: el, wind, off | E83: kWh/a | F83: =VLOOKUP($D83,tbl_ERP[],7,0) -> 984000000000 | G83: =INDEX(tbl_electricity[],MATCH($D$83,tbl_electricity[ERP identifier],0),MATCH(RP_SICUT!F$12,tbl_electricity[#Headers],0)) -> 0 | I83: =VLOOKUP($D83,tbl_ERP[],7,0) -> 984000000000 | J83: =INDEX(tbl_electricity[],MATCH($D$83,tbl_electricity[ERP identifier],0),MATCH(RP_SICUT!I$12,tbl_electricity[#Headers],0)) -> 0 | L83: =VLOOKUP($D83,tbl_ERP[],7,0) -> 984000000000 | M83: =INDEX(tbl_electricity[],MATCH($D$83,tbl_electricity[ERP identifier],0),MATCH(RP_SICUT!L$12,tbl_electricity[#Headers],0)) -> 0 | O83: =VLOOKUP($D83,tbl_ERP[],7,0) -> 984000000000 | P83: =INDEX(tbl_electricity[],MATCH($D$83,tbl_electricity[ERP identifier],0),MATCH(RP_SICUT!O$12,tbl_electricity[#Headers],0)) -> 0 | R83: =VLOOKUP($D83,tbl_ERP[],7,0) -> 984000000000 | S83: =INDEX(tbl_electricity[],MATCH($D$83,tbl_electricity[ERP identifier],0),MATCH(RP_SICUT!R$12,tbl_electricity[#Headers],0)) -> 0
D84: el, geo | E84: kWh/a | F84: =VLOOKUP($D84,tbl_ERP[],7,0) -> 2548000000000 | G84: =INDEX(tbl_electricity[],MATCH($D$84,tbl_electricity[ERP identifier],0),MATCH(RP_SICUT!F$12,tbl_electricity[#Headers],0)) -> 0 | I84: =VLOOKUP($D84,tbl_ERP[],7,0) -> 2548000000000 | J84: =INDEX(tbl_electricity[],MATCH($D$84,tbl_electricity[ERP identifier],0),MATCH(RP_SICUT!I$12,tbl_electricity[#Headers],0)) -> 0 | L84: =VLOOKUP($D84,tbl_ERP[],7,0) -> 2548000000000 | M84: =INDEX(tbl_electricity[],MATCH($D$84,tbl_electricity[ERP identifier],0),MATCH(RP_SICUT!L$12,tbl_electricity[#Headers],0)) -> 0 | O84: =VLOOKUP($D84,tbl_ERP[],7,0) -> 2548000000000 | P84: =INDEX(tbl_electricity[],MATCH($D$84,tbl_electricity[ERP identifier],0),MATCH(RP_SICUT!O$12,tbl_electricity[#Headers],0)) -> 0 | R84: =VLOOKUP($D84,tbl_ERP[],7,0) -> 2548000000000 | S84: =INDEX(tbl_electricity[],MATCH($D$84,tbl_electricity[ERP identifier],0),MATCH(RP_SICUT!R$12,tbl_electricity[#Headers],0)) -> 0
D85: el, wood | E85: kWh/a | F85: =VLOOKUP($D85,tbl_ERP[],7,0) -> 1120000000000 | G85: =INDEX(tbl_electricity[],MATCH($D$85,tbl_electricity[ERP identifier],0),MATCH(RP_SICUT!F$12,tbl_electricity[#Headers],0)) -> 0.02 | I85: =VLOOKUP($D85,tbl_ERP[],7,0) -> 1120000000000 | J85: =INDEX(tbl_electricity[],MATCH($D$85,tbl_electricity[ERP identifier],0),MATCH(RP_SICUT!I$12,tbl_electricity[#Headers],0)) -> 0.02 | L85: =VLOOKUP($D85,tbl_ERP[],7,0) -> 1120000000000 | M85: =INDEX(tbl_electricity[],MATCH($D$85,tbl_electricity[ERP identifier],0),MATCH(RP_SICUT!L$12,tbl_electricity[#Headers],0)) -> 0.02 | O85: =VLOOKUP($D85,tbl_ERP[],7,0) -> 1120000000000 | P85: =INDEX(tbl_electricity[],MATCH($D$85,tbl_electricity[ERP identifier],0),MATCH(RP_SICUT!O$12,tbl_electricity[#Headers],0)) -> 0.02 | R85: =VLOOKUP($D85,tbl_ERP[],7,0) -> 1120000000000 | S85: =INDEX(tbl_electricity[],MATCH($D$85,tbl_electricity[ERP identifier],0),MATCH(RP_SICUT!R$12,tbl_electricity[#Headers],0)) -> 0.02
D86: el, hydro | E86: kWh/a | F86: =VLOOKUP($D86,tbl_ERP[],7,0) -> 3669000000000 | G86: =INDEX(tbl_electricity[],MATCH($D$86,tbl_electricity[ERP identifier],0),MATCH(RP_SICUT!F$12,tbl_electricity[#Headers],0)) -> 0.6435 | I86: =VLOOKUP($D86,tbl_ERP[],7,0) -> 3669000000000 | J86: =INDEX(tbl_electricity[],MATCH($D$86,tbl_electricity[ERP identifier],0),MATCH(RP_SICUT!I$12,tbl_electricity[#Headers],0)) -> 0.6435 | L86: =VLOOKUP($D86,tbl_ERP[],7,0) -> 3669000000000 | M86: =INDEX(tbl_electricity[],MATCH($D$86,tbl_electricity[ERP identifier],0),MATCH(RP_SICUT!L$12,tbl_electricity[#Headers],0)) -> 0.6435 | O86: =VLOOKUP($D86,tbl_ERP[],7,0) -> 3669000000000 | P86: =INDEX(tbl_electricity[],MATCH($D$86,tbl_electricity[ERP identifier],0),MATCH(RP_SICUT!O$12,tbl_electricity[#Headers],0)) -> 0.6435 | R86: =VLOOKUP($D86,tbl_ERP[],7,0) -> 3669000000000 | S86: =INDEX(tbl_electricity[],MATCH($D$86,tbl_electricity[ERP identifier],0),MATCH(RP_SICUT!R$12,tbl_electricity[#Headers],0)) -> 0.6435
D87: el, PV, desert | E87: kWh/a | F87: =VLOOKUP($D87,tbl_ERP[],7,0) -> 2.0237444e+13 | G87: =INDEX(tbl_electricity[],MATCH($D$87,tbl_electricity[ERP identifier],0),MATCH(RP_SICUT!F$12,tbl_electricity[#Headers],0)) -> 0 | I87: =VLOOKUP($D87,tbl_ERP[],7,0) -> 2.0237444e+13 | J87: =INDEX(tbl_electricity[],MATCH($D$87,tbl_electricity[ERP identifier],0),MATCH(RP_SICUT!I$12,tbl_electricity[#Headers],0)) -> 0 | L87: =VLOOKUP($D87,tbl_ERP[],7,0) -> 2.0237444e+13 | M87: =INDEX(tbl_electricity[],MATCH($D$87,tbl_electricity[ERP identifier],0),MATCH(RP_SICUT!L$12,tbl_electricity[#Headers],0)) -> 0 | O87: =VLOOKUP($D87,tbl_ERP[],7,0) -> 2.0237444e+13 | P87: =INDEX(tbl_electricity[],MATCH($D$87,tbl_electricity[ERP identifier],0),MATCH(RP_SICUT!O$12,tbl_electricity[#Headers],0)) -> 0 | R87: =VLOOKUP($D87,tbl_ERP[],7,0) -> 2.0237444e+13 | S87: =INDEX(tbl_electricity[],MATCH($D$87,tbl_electricity[ERP identifier],0),MATCH(RP_SICUT!R$12,tbl_electricity[#Headers],0)) -> 0
D88: el, PV, roof | E88: kWh/a | F88: =VLOOKUP($D88,tbl_ERP[],7,0) -> 2.8108667e+13 | G88: =INDEX(tbl_electricity[],MATCH($D$88,tbl_electricity[ERP identifier],0),MATCH(RP_SICUT!F$12,tbl_electricity[#Headers],0)) -> 0.0185 | I88: =VLOOKUP($D88,tbl_ERP[],7,0) -> 2.8108667e+13 | J88: =INDEX(tbl_electricity[],MATCH($D$88,tbl_electricity[ERP identifier],0),MATCH(RP_SICUT!I$12,tbl_electricity[#Headers],0)) -> 0.0185 | L88: =VLOOKUP($D88,tbl_ERP[],7,0) -> 2.8108667e+13 | M88: =INDEX(tbl_electricity[],MATCH($D$88,tbl_electricity[ERP identifier],0),MATCH(RP_SICUT!L$12,tbl_electricity[#Headers],0)) -> 0.0185 | O88: =VLOOKUP($D88,tbl_ERP[],7,0) -> 2.8108667e+13 | P88: =INDEX(tbl_electricity[],MATCH($D$88,tbl_electricity[ERP identifier],0),MATCH(RP_SICUT!O$12,tbl_electricity[#Headers],0)) -> 0.0185 | R88: =VLOOKUP($D88,tbl_ERP[],7,0) -> 2.8108667e+13 | S88: =INDEX(tbl_electricity[],MATCH($D$88,tbl_electricity[ERP identifier],0),MATCH(RP_SICUT!R$12,tbl_electricity[#Headers],0)) -> 0.0185
C90: electricity required | D90: electricity to manufacture product | E90: kWh | F90: =F$30*INDEX(tbl_material[],MATCH(F$10,tbl_material[material],0),MATCH(RP_SICUT!$D$90,tbl_material[#Headers],0))+F$58*INDEX(tbl_material[],MATCH(F$11,tbl_material[material],0),MATCH(RP_SICUT!$D$90,tbl_material[#Headers],0)) -> 93.5 | I90: =I$30*INDEX(tbl_material[],MATCH(I$10,tbl_material[material],0),MATCH(RP_SICUT!$D$90,tbl_material[#Headers],0))+I$58*INDEX(tbl_material[],MATCH(I$11,tbl_material[material],0),MATCH(RP_SICUT!$D$90,tbl_material[#Headers],0)) -> 93.5 | L90: =L$30*INDEX(tbl_material[],MATCH(L$10,tbl_material[material],0),MATCH(RP_SICUT!$D$90,tbl_material[#Headers],0))+L$58*INDEX(tbl_material[],MATCH(L$11,tbl_material[material],0),MATCH(RP_SICUT!$D$90,tbl_material[#Headers],0)) -> 93.5 | O90: =O$30*INDEX(tbl_material[],MATCH(O$10,tbl_material[material],0),MATCH(RP_SICUT!$D$90,tbl_material[#Headers],0))+O$58*INDEX(tbl_material[],MATCH(O$11,tbl_material[material],0),MATCH(RP_SICUT!$D$90,tbl_material[#Headers],0)) -> 93.5 | R90: =R$30*INDEX(tbl_material[],MATCH(R$10,tbl_material[material],0),MATCH(RP_SICUT!$D$90,tbl_material[#Headers],0))+R$58*INDEX(tbl_material[],MATCH(R$11,tbl_material[material],0),MATCH(RP_SICUT!$D$90,tbl_material[#Headers],0)) -> 93.5
C91: electricity required | D91: electricity to heat | E91: kWh | F91: =G104*(F106+F107)*heat_pump_factor -> 0 | I91: =J104*(I106+I107)*heat_pump_factor -> 0 | L91: =M104*(L106+L107)*heat_pump_factor -> 0 | O91: =P104*(O106+O107)*heat_pump_factor -> 0 | R91: =S104*(R106+R107)*heat_pump_factor -> 0
C92: electricity required | D92: electricity to recycle/cascade product | E92: kWh | F92: =F$30*INDEX(tbl_material[],MATCH(F$10,tbl_material[material],0),MATCH(RP_SICUT!$D$92,tbl_material[#Headers],0))+F$58*INDEX(tbl_material[],MATCH(F$11,tbl_material[material],0),MATCH(RP_SICUT!$D$92,tbl_material[#Headers],0)) -> 93.5 | I92: =I$30*INDEX(tbl_material[],MATCH(I$10,tbl_material[material],0),MATCH(RP_SICUT!$D$92,tbl_material[#Headers],0))+I$58*INDEX(tbl_material[],MATCH(I$11,tbl_material[material],0),MATCH(RP_SICUT!$D$92,tbl_material[#Headers],0)) -> 93.5 | L92: =L$30*INDEX(tbl_material[],MATCH(L$10,tbl_material[material],0),MATCH(RP_SICUT!$D$92,tbl_material[#Headers],0))+L$58*INDEX(tbl_material[],MATCH(L$11,tbl_material[material],0),MATCH(RP_SICUT!$D$92,tbl_material[#Headers],0)) -> 93.5 | O92: =O$30*INDEX(tbl_material[],MATCH(O$10,tbl_material[material],0),MATCH(RP_SICUT!$D$92,tbl_material[#Headers],0))+O$58*INDEX(tbl_material[],MATCH(O$11,tbl_material[material],0),MATCH(RP_SICUT!$D$92,tbl_material[#Headers],0)) -> 93.5 | R92: =R$30*INDEX(tbl_material[],MATCH(R$10,tbl_material[material],0),MATCH(RP_SICUT!$D$92,tbl_material[#Headers],0))+R$58*INDEX(tbl_material[],MATCH(R$11,tbl_material[material],0),MATCH(RP_SICUT!$D$92,tbl_material[#Headers],0)) -> 93.5
C93: electricity required | D93: total | E93: kWh | F93: =F90+F91+F92 -> 187 | I93: =I90+I91+I92 -> 187 | L93: =L90+L91+L92 -> 187 | O93: =O90+O91+O92 -> 187 | R93: =R90+R91+R92 -> 187
B95: τ | C95: ressource pressure | D95: electricity | E95: - | F95: =F93/F19*(G78/F78+G79/F79+G80/F80+G81/F81+G82/F82+G83/F83+G84/F84+G85/F85+G86/F86+G87/F87+G88/F88) -> 2.4050663e-12 | I95: =I93/I19*(J78/I78+J79/I79+J80/I80+J81/I81+J82/I82+J83/I83+J84/I84+J85/I85+J86/I86+J87/I87+J88/I88) -> 2.4050663e-12 | L95: =L93/L19*(M78/L78+M79/L79+M80/L80+M81/L81+M82/L82+M83/L83+M84/L84+M85/L85+M86/L86+M87/L87+M88/L88) -> 1.6033776e-12 | O95: =O93/O19*(P78/O78+P79/O79+P80/O80+P81/O81+P82/O82+P83/O83+P84/O84+P85/O85+P86/O86+P87/O87+P88/O88) -> 1.2025332e-12 | R95: =R93/R19*(S78/R78+S79/R79+S80/R80+S81/R81+S82/R82+S83/R83+S84/R84+S85/R85+S86/R86+S87/R87+S88/R88) -> 1.2025332e-12
A98: heat | B98: ht | C98: heat | G98: share | J98: share | M98: share | P98: share | S98: share
B99: ERP | C99: Environmental Ressource Potential | D99: ht, gas | E99: kWh/a | F99: =VLOOKUP($D99,tbl_ERP[],7,0) -> 6.0153881e+13 | G99: =INDEX(tbl_heat[],MATCH($D$99,tbl_heat[ERP identifier],0),MATCH(RP_SICUT!F$13,tbl_heat[#Headers],0)) -> 0.5 | I99: =VLOOKUP($D99,tbl_ERP[],7,0) -> 6.0153881e+13 | J99: =INDEX(tbl_heat[],MATCH($D$99,tbl_heat[ERP identifier],0),MATCH(RP_SICUT!I$13,tbl_heat[#Headers],0)) -> 0.5 | L99: =VLOOKUP($D99,tbl_ERP[],7,0) -> 6.0153881e+13 | M99: =INDEX(tbl_heat[],MATCH($D$99,tbl_heat[ERP identifier],0),MATCH(RP_SICUT!L$13,tbl_heat[#Headers],0)) -> 0.5 | O99: =VLOOKUP($D99,tbl_ERP[],7,0) -> 6.0153881e+13 | P99: =INDEX(tbl_heat[],MATCH($D$99,tbl_heat[ERP identifier],0),MATCH(RP_SICUT!O$13,tbl_heat[#Headers],0)) -> 0.5 | R99: =VLOOKUP($D99,tbl_ERP[],7,0) -> 6.0153881e+13 | S99: =INDEX(tbl_heat[],MATCH($D$99,tbl_heat[ERP identifier],0),MATCH(RP_SICUT!R$13,tbl_heat[#Headers],0)) -> 0.5
D100: ht, propane | E100: kWh/a | F100: =VLOOKUP($D100,tbl_ERP[],7,0) -> 3.5511569e+13 | G100: =INDEX(tbl_heat[],MATCH($D$100,tbl_heat[ERP identifier],0),MATCH(RP_SICUT!F$13,tbl_heat[#Headers],0)) -> 0 | I100: =VLOOKUP($D100,tbl_ERP[],7,0) -> 3.5511569e+13 | J100: =INDEX(tbl_heat[],MATCH($D$100,tbl_heat[ERP identifier],0),MATCH(RP_SICUT!I$13,tbl_heat[#Headers],0)) -> 0 | L100: =VLOOKUP($D100,tbl_ERP[],7,0) -> 3.5511569e+13 | M100: =INDEX(tbl_heat[],MATCH($D$100,tbl_heat[ERP identifier],0),MATCH(RP_SICUT!L$13,tbl_heat[#Headers],0)) -> 0 | O100: =VLOOKUP($D100,tbl_ERP[],7,0) -> 3.5511569e+13 | P100: =INDEX(tbl_heat[],MATCH($D$100,tbl_heat[ERP identifier],0),MATCH(RP_SICUT!O$13,tbl_heat[#Headers],0)) -> 0 | R100: =VLOOKUP($D100,tbl_ERP[],7,0) -> 3.5511569e+13 | S100: =INDEX(tbl_heat[],MATCH($D$100,tbl_heat[ERP identifier],0),MATCH(RP_SICUT!R$13,tbl_heat[#Headers],0)) -> 0
D101: ht, oil | E101: kWh/a | F101: =VLOOKUP($D101,tbl_ERP[],7,0) -> 3.3059022e+13 | G101: =INDEX(tbl_heat[],MATCH($D$101,tbl_heat[ERP identifier],0),MATCH(RP_SICUT!F$13,tbl_heat[#Headers],0)) -> 0.5 | I101: =VLOOKUP($D101,tbl_ERP[],7,0) -> 3.3059022e+13 | J101: =INDEX(tbl_heat[],MATCH($D$101,tbl_heat[ERP identifier],0),MATCH(RP_SICUT!I$13,tbl_heat[#Headers],0)) -> 0.5 | L101: =VLOOKUP($D101,tbl_ERP[],7,0) -> 3.3059022e+13 | M101: =INDEX(tbl_heat[],MATCH($D$101,tbl_heat[ERP identifier],0),MATCH(RP_SICUT!L$13,tbl_heat[#Headers],0)) -> 0.5 | O101: =VLOOKUP($D101,tbl_ERP[],7,0) -> 3.3059022e+13 | P101: =INDEX(tbl_heat[],MATCH($D$101,tbl_heat[ERP identifier],0),MATCH(RP_SICUT!O$13,tbl_heat[#Headers],0)) -> 0.5 | R101: =VLOOKUP($D101,tbl_ERP[],7,0) -> 3.3059022e+13 | S101: =INDEX(tbl_heat[],MATCH($D$101,tbl_heat[ERP identifier],0),MATCH(RP_SICUT!R$13,tbl_heat[#Headers],0)) -> 0.5
D102: ht, wood | E102: kWh/a | F102: =VLOOKUP($D102,tbl_ERP[],7,0) -> 4480000000000 | G102: =INDEX(tbl_heat[],MATCH($D$102,tbl_heat[ERP identifier],0),MATCH(RP_SICUT!F$13,tbl_heat[#Headers],0)) -> 0 | I102: =VLOOKUP($D102,tbl_ERP[],7,0) -> 4480000000000 | J102: =INDEX(tbl_heat[],MATCH($D$102,tbl_heat[ERP identifier],0),MATCH(RP_SICUT!I$13,tbl_heat[#Headers],0)) -> 0 | L102: =VLOOKUP($D102,tbl_ERP[],7,0) -> 4480000000000 | M102: =INDEX(tbl_heat[],MATCH($D$102,tbl_heat[ERP identifier],0),MATCH(RP_SICUT!L$13,tbl_heat[#Headers],0)) -> 0 | O102: =VLOOKUP($D102,tbl_ERP[],7,0) -> 4480000000000 | P102: =INDEX(tbl_heat[],MATCH($D$102,tbl_heat[ERP identifier],0),MATCH(RP_SICUT!O$13,tbl_heat[#Headers],0)) -> 0 | R102: =VLOOKUP($D102,tbl_ERP[],7,0) -> 4480000000000 | S102: =INDEX(tbl_heat[],MATCH($D$102,tbl_heat[ERP identifier],0),MATCH(RP_SICUT!R$13,tbl_heat[#Headers],0)) -> 0
D103: ht, solar | E103: kWh/a | F103: =VLOOKUP($D103,tbl_ERP[],7,0) -> 8.3809524e+14 | G103: =INDEX(tbl_heat[],MATCH($D$103,tbl_heat[ERP identifier],0),MATCH(RP_SICUT!F$13,tbl_heat[#Headers],0)) -> 0 | I103: =VLOOKUP($D103,tbl_ERP[],7,0) -> 8.3809524e+14 | J103: =INDEX(tbl_heat[],MATCH($D$103,tbl_heat[ERP identifier],0),MATCH(RP_SICUT!I$13,tbl_heat[#Headers],0)) -> 0 | L103: =VLOOKUP($D103,tbl_ERP[],7,0) -> 8.3809524e+14 | M103: =INDEX(tbl_heat[],MATCH($D$103,tbl_heat[ERP identifier],0),MATCH(RP_SICUT!L$13,tbl_heat[#Headers],0)) -> 0 | O103: =VLOOKUP($D103,tbl_ERP[],7,0) -> 8.3809524e+14 | P103: =INDEX(tbl_heat[],MATCH($D$103,tbl_heat[ERP identifier],0),MATCH(RP_SICUT!O$13,tbl_heat[#Headers],0)) -> 0 | R103: =VLOOKUP($D103,tbl_ERP[],7,0) -> 8.3809524e+14 | S103: =INDEX(tbl_heat[],MATCH($D$103,tbl_heat[ERP identifier],0),MATCH(RP_SICUT!R$13,tbl_heat[#Headers],0)) -> 0
D104: ht, heat pump | G104: =INDEX(tbl_heat[],MATCH($D$104,tbl_heat[ERP identifier],0),MATCH(RP_SICUT!F$13,tbl_heat[#Headers],0)) -> 0 | J104: =INDEX(tbl_heat[],MATCH($D$104,tbl_heat[ERP identifier],0),MATCH(RP_SICUT!I$13,tbl_heat[#Headers],0)) -> 0 | M104: =INDEX(tbl_heat[],MATCH($D$104,tbl_heat[ERP identifier],0),MATCH(RP_SICUT!L$13,tbl_heat[#Headers],0)) -> 0 | P104: =INDEX(tbl_heat[],MATCH($D$104,tbl_heat[ERP identifier],0),MATCH(RP_SICUT!O$13,tbl_heat[#Headers],0)) -> 0 | S104: =INDEX(tbl_heat[],MATCH($D$104,tbl_heat[ERP identifier],0),MATCH(RP_SICUT!R$13,tbl_heat[#Headers],0)) -> 0
C106: heat required | D106: heat to manufacture product | E106: kWh | F106: =F$30*INDEX(tbl_material[],MATCH(F$10,tbl_material[material],0),MATCH(RP_SICUT!$D$106,tbl_material[#Headers],0))+F$58*INDEX(tbl_material[],MATCH(F$11,tbl_material[material],0),MATCH(RP_SICUT!$D$106,tbl_material[#Headers],0)) -> 66 | I106: =I$30*INDEX(tbl_material[],MATCH(I$10,tbl_material[material],0),MATCH(RP_SICUT!$D$106,tbl_material[#Headers],0))+I$58*INDEX(tbl_material[],MATCH(I$11,tbl_material[material],0),MATCH(RP_SICUT!$D$106,tbl_material[#Headers],0)) -> 66 | L106: =L$30*INDEX(tbl_material[],MATCH(L$10,tbl_material[material],0),MATCH(RP_SICUT!$D$106,tbl_material[#Headers],0))+L$58*INDEX(tbl_material[],MATCH(L$11,tbl_material[material],0),MATCH(RP_SICUT!$D$106,tbl_material[#Headers],0)) -> 66 | O106: =O$30*INDEX(tbl_material[],MATCH(O$10,tbl_material[material],0),MATCH(RP_SICUT!$D$106,tbl_material[#Headers],0))+O$58*INDEX(tbl_material[],MATCH(O$11,tbl_material[material],0),MATCH(RP_SICUT!$D$106,tbl_material[#Headers],0)) -> 66 | R106: =R$30*INDEX(tbl_material[],MATCH(R$10,tbl_material[material],0),MATCH(RP_SICUT!$D$106,tbl_material[#Headers],0))+R$58*INDEX(tbl_material[],MATCH(R$11,tbl_material[material],0),MATCH(RP_SICUT!$D$106,tbl_material[#Headers],0)) -> 66
C107: heat required | D107: heat to recycle/cascade product | E107: kWh | F107: =F$30*INDEX(tbl_material[],MATCH(F$10,tbl_material[material],0),MATCH(RP_SICUT!$D$107,tbl_material[#Headers],0))+F$58*INDEX(tbl_material[],MATCH(F$11,tbl_material[material],0),MATCH(RP_SICUT!$D$107,tbl_material[#Headers],0)) -> 66 | I107: =I$30*INDEX(tbl_material[],MATCH(I$10,tbl_material[material],0),MATCH(RP_SICUT!$D$107,tbl_material[#Headers],0))+I$58*INDEX(tbl_material[],MATCH(I$11,tbl_material[material],0),MATCH(RP_SICUT!$D$107,tbl_material[#Headers],0)) -> 66 | L107: =L$30*INDEX(tbl_material[],MATCH(L$10,tbl_material[material],0),MATCH(RP_SICUT!$D$107,tbl_material[#Headers],0))+L$58*INDEX(tbl_material[],MATCH(L$11,tbl_material[material],0),MATCH(RP_SICUT!$D$107,tbl_material[#Headers],0)) -> 66 | O107: =O$30*INDEX(tbl_material[],MATCH(O$10,tbl_material[material],0),MATCH(RP_SICUT!$D$107,tbl_material[#Headers],0))+O$58*INDEX(tbl_material[],MATCH(O$11,tbl_material[material],0),MATCH(RP_SICUT!$D$107,tbl_material[#Headers],0)) -> 66 | R107: =R$30*INDEX(tbl_material[],MATCH(R$10,tbl_material[material],0),MATCH(RP_SICUT!$D$107,tbl_material[#Headers],0))+R$58*INDEX(tbl_material[],MATCH(R$11,tbl_material[material],0),MATCH(RP_SICUT!$D$107,tbl_material[#Headers],0)) -> 66
C108: heat required | D108: total (heat not provided by electricity) | E108: kWh | F108: =IF(G104=0,F106+F107,F106+F107-G104*(F106+F107)) -> 132 | I108: =IF(J104=0,I106+I107,I106+I107-J104*(I106+I107)) -> 132 | L108: =IF(M104=0,L106+L107,L106+L107-M104*(L106+L107)) -> 132 | O108: =IF(P104=0,O106+O107,O106+O107-P104*(O106+O107)) -> 132 | R108: =IF(S104=0,R106+R107,R106+R107-S104*(R106+R107)) -> 132
B110: τ | C110: ressource pressure | D110: heat (heat not provided by electricity) | E110: - | F110: =F108/F19*((G99/SUM(G99:G103)/F99+(G100/SUM(G99:G103))/F100+(G101/SUM(G99:G103))/F101+(G102/SUM(G99:G103))/F102+(G103/SUM(G99:G103))/F103)) -> 1.5468077e-13 | I110: =I108/I19*((J99/SUM(J99:J103)/I99+(J100/SUM(J99:J103))/I100+(J101/SUM(J99:J103))/I101+(J102/SUM(J99:J103))/I102+(J103/SUM(J99:J103))/I103)) -> 1.5468077e-13 | L110: =L108/L19*((M99/SUM(M99:M103)/L99+(M100/SUM(M99:M103))/L100+(M101/SUM(M99:M103))/L101+(M102/SUM(M99:M103))/L102+(M103/SUM(M99:M103))/L103)) -> 1.0312051e-13 | O110: =O108/O19*((P99/SUM(P99:P103)/O99+(P100/SUM(P99:P103))/O100+(P101/SUM(P99:P103))/O101+(P102/SUM(P99:P103))/O102+(P103/SUM(P99:P103))/O103)) -> 7.7340384e-14 | R110: =R108/R19*((S99/SUM(S99:S103)/R99+(S100/SUM(S99:S103))/R100+(S101/SUM(S99:S103))/R101+(S102/SUM(S99:S103))/R102+(S103/SUM(S99:S103))/R103)) -> 7.7340384e-14
A113: transport land | B113: trans | C113: transport | G113: share | J113: share | M113: share | P113: share | S113: share
B114: ERP | C114: Environmental Ressource Potential | D114: trans, freight, train, diesel | E114: tkm/a | F114: =VLOOKUP($D114,tbl_ERP[],7,0) -> 1.832508e+13 | G114: =INDEX(tbl_transport[],MATCH($D$114,tbl_transport[ERP identifier],0),MATCH(RP_SICUT!F$14,tbl_transport[#Headers],0)) -> 0.2 | I114: =VLOOKUP($D114,tbl_ERP[],7,0) -> 1.832508e+13 | J114: =INDEX(tbl_transport[],MATCH($D$114,tbl_transport[ERP identifier],0),MATCH(RP_SICUT!I$14,tbl_transport[#Headers],0)) -> 0.2 | L114: =VLOOKUP($D114,tbl_ERP[],7,0) -> 1.832508e+13 | M114: =INDEX(tbl_transport[],MATCH($D$114,tbl_transport[ERP identifier],0),MATCH(RP_SICUT!L$14,tbl_transport[#Headers],0)) -> 0.2 | O114: =VLOOKUP($D114,tbl_ERP[],7,0) -> 1.832508e+13 | P114: =INDEX(tbl_transport[],MATCH($D$114,tbl_transport[ERP identifier],0),MATCH(RP_SICUT!O$14,tbl_transport[#Headers],0)) -> 0.2 | R114: =VLOOKUP($D114,tbl_ERP[],7,0) -> 1.832508e+13 | S114: =INDEX(tbl_transport[],MATCH($D$114,tbl_transport[ERP identifier],0),MATCH(RP_SICUT!R$14,tbl_transport[#Headers],0)) -> 0.2
D115: trans, freight, train, electric | E115: tkm/a | F115: =VLOOKUP($D115,tbl_ERP[],7,0) -> 6.9650235e+13 | G115: =INDEX(tbl_transport[],MATCH($D$115,tbl_transport[ERP identifier],0),MATCH(RP_SICUT!F$14,tbl_transport[#Headers],0)) -> 0.8 | I115: =VLOOKUP($D115,tbl_ERP[],7,0) -> 6.9650235e+13 | J115: =INDEX(tbl_transport[],MATCH($D$115,tbl_transport[ERP identifier],0),MATCH(RP_SICUT!I$14,tbl_transport[#Headers],0)) -> 0.8 | L115: =VLOOKUP($D115,tbl_ERP[],7,0) -> 6.9650235e+13 | M115: =INDEX(tbl_transport[],MATCH($D$115,tbl_transport[ERP identifier],0),MATCH(RP_SICUT!L$14,tbl_transport[#Headers],0)) -> 0.8 | O115: =VLOOKUP($D115,tbl_ERP[],7,0) -> 6.9650235e+13 | P115: =INDEX(tbl_transport[],MATCH($D$115,tbl_transport[ERP identifier],0),MATCH(RP_SICUT!O$14,tbl_transport[#Headers],0)) -> 0.8 | R115: =VLOOKUP($D115,tbl_ERP[],7,0) -> 6.9650235e+13 | S115: =INDEX(tbl_transport[],MATCH($D$115,tbl_transport[ERP identifier],0),MATCH(RP_SICUT!R$14,tbl_transport[#Headers],0)) -> 0.8
D116: trans, lorry | E116: tkm/a | F116: =VLOOKUP($D116,tbl_ERP[],7,0) -> 3.4425655e+12 | G116: =INDEX(tbl_transport[],MATCH($D$116,tbl_transport[ERP identifier],0),MATCH(RP_SICUT!F$14,tbl_transport[#Headers],0)) -> 0 | I116: =VLOOKUP($D116,tbl_ERP[],7,0) -> 3.4425655e+12 | J116: =INDEX(tbl_transport[],MATCH($D$116,tbl_transport[ERP identifier],0),MATCH(RP_SICUT!I$14,tbl_transport[#Headers],0)) -> 0 | L116: =VLOOKUP($D116,tbl_ERP[],7,0) -> 3.4425655e+12 | M116: =INDEX(tbl_transport[],MATCH($D$116,tbl_transport[ERP identifier],0),MATCH(RP_SICUT!L$14,tbl_transport[#Headers],0)) -> 0 | O116: =VLOOKUP($D116,tbl_ERP[],7,0) -> 3.4425655e+12 | P116: =INDEX(tbl_transport[],MATCH($D$116,tbl_transport[ERP identifier],0),MATCH(RP_SICUT!O$14,tbl_transport[#Headers],0)) -> 0 | R116: =VLOOKUP($D116,tbl_ERP[],7,0) -> 3.4425655e+12 | S116: =INDEX(tbl_transport[],MATCH($D$116,tbl_transport[ERP identifier],0),MATCH(RP_SICUT!R$14,tbl_transport[#Headers],0)) -> 0
D117: trans, sea | E117: tkm/a | F117: =VLOOKUP($D117,tbl_ERP[],7,0) -> 9.070336e+13 | G117: =INDEX(tbl_transport[],MATCH($D$117,tbl_transport[ERP identifier],0),MATCH(RP_SICUT!F$14,tbl_transport[#Headers],0)) -> 0 | I117: =VLOOKUP($D117,tbl_ERP[],7,0) -> 9.070336e+13 | J117: =INDEX(tbl_transport[],MATCH($D$117,tbl_transport[ERP identifier],0),MATCH(RP_SICUT!I$14,tbl_transport[#Headers],0)) -> 0 | L117: =VLOOKUP($D117,tbl_ERP[],7,0) -> 9.070336e+13 | M117: =INDEX(tbl_transport[],MATCH($D$117,tbl_transport[ERP identifier],0),MATCH(RP_SICUT!L$14,tbl_transport[#Headers],0)) -> 0 | O117: =VLOOKUP($D117,tbl_ERP[],7,0) -> 9.070336e+13 | P117: =INDEX(tbl_transport[],MATCH($D$117,tbl_transport[ERP identifier],0),MATCH(RP_SICUT!O$14,tbl_transport[#Headers],0)) -> 0 | R117: =VLOOKUP($D117,tbl_ERP[],7,0) -> 9.070336e+13 | S117: =INDEX(tbl_transport[],MATCH($D$117,tbl_transport[ERP identifier],0),MATCH(RP_SICUT!R$14,tbl_transport[#Headers],0)) -> 0
D118: trans, air | E118: tkm/a | F118: =VLOOKUP($D118,tbl_ERP[],7,0) -> 9.6111875e+11 | G118: =INDEX(tbl_transport[],MATCH($D$118,tbl_transport[ERP identifier],0),MATCH(RP_SICUT!F$14,tbl_transport[#Headers],0)) -> 0 | I118: =VLOOKUP($D118,tbl_ERP[],7,0) -> 9.6111875e+11 | J118: =INDEX(tbl_transport[],MATCH($D$118,tbl_transport[ERP identifier],0),MATCH(RP_SICUT!I$14,tbl_transport[#Headers],0)) -> 0 | L118: =VLOOKUP($D118,tbl_ERP[],7,0) -> 9.6111875e+11 | M118: =INDEX(tbl_transport[],MATCH($D$118,tbl_transport[ERP identifier],0),MATCH(RP_SICUT!L$14,tbl_transport[#Headers],0)) -> 0 | O118: =VLOOKUP($D118,tbl_ERP[],7,0) -> 9.6111875e+11 | P118: =INDEX(tbl_transport[],MATCH($D$118,tbl_transport[ERP identifier],0),MATCH(RP_SICUT!O$14,tbl_transport[#Headers],0)) -> 0 | R118: =VLOOKUP($D118,tbl_ERP[],7,0) -> 9.6111875e+11 | S118: =INDEX(tbl_transport[],MATCH($D$118,tbl_transport[ERP identifier],0),MATCH(RP_SICUT!R$14,tbl_transport[#Headers],0)) -> 0
C120: transport required | D120: manufacturing transport | E120: tkm | F120: =(F$27+F$55)/1000*INDEX(tbl_sleeper[],MATCH($A$3,tbl_sleeper[sleeper type],0),MATCH(RP_SICUT!$D$120,tbl_sleeper[#Headers],0)) -> 0 | I120: =(I$27+I$55)/1000*INDEX(tbl_sleeper[],MATCH($A$3,tbl_sleeper[sleeper type],0),MATCH(RP_SICUT!$D$120,tbl_sleeper[#Headers],0)) -> 0 | L120: =(L$27+L$55)/1000*INDEX(tbl_sleeper[],MATCH($A$3,tbl_sleeper[sleeper type],0),MATCH(RP_SICUT!$D$120,tbl_sleeper[#Headers],0)) -> 0 | O120: =(O$27+O$55)/1000*INDEX(tbl_sleeper[],MATCH($A$3,tbl_sleeper[sleeper type],0),MATCH(RP_SICUT!$D$120,tbl_sleeper[#Headers],0)) -> 0 | R120: =(R$27+R$55)/1000*INDEX(tbl_sleeper[],MATCH($A$3,tbl_sleeper[sleeper type],0),MATCH(RP_SICUT!$D$120,tbl_sleeper[#Headers],0)) -> 0
C121: transport required | D121: installation transport | E121: tkm | F121: =(F$27+F$55)/1000*INDEX(tbl_sleeper[],MATCH($A$3,tbl_sleeper[sleeper type],0),MATCH(RP_SICUT!$D$121,tbl_sleeper[#Headers],0)) -> 51 | I121: =(I$27+I$55)/1000*INDEX(tbl_sleeper[],MATCH($A$3,tbl_sleeper[sleeper type],0),MATCH(RP_SICUT!$D$121,tbl_sleeper[#Headers],0)) -> 51 | L121: =(L$27+L$55)/1000*INDEX(tbl_sleeper[],MATCH($A$3,tbl_sleeper[sleeper type],0),MATCH(RP_SICUT!$D$121,tbl_sleeper[#Headers],0)) -> 51 | O121: =(O$27+O$55)/1000*INDEX(tbl_sleeper[],MATCH($A$3,tbl_sleeper[sleeper type],0),MATCH(RP_SICUT!$D$121,tbl_sleeper[#Headers],0)) -> 51 | R121: =(R$27+R$55)/1000*INDEX(tbl_sleeper[],MATCH($A$3,tbl_sleeper[sleeper type],0),MATCH(RP_SICUT!$D$121,tbl_sleeper[#Headers],0)) -> 51
C122: transport required | D122: total | E122: tkm | F122: =SUM(F120:F121) -> 51 | I122: =SUM(I120:I121) -> 51 | L122: =SUM(L120:L121) -> 51 | O122: =SUM(O120:O121) -> 51 | R122: =SUM(R120:R121) -> 51
B124: τ | C124: ressource pressure | D124: transport land | E124: - | F124: =F122/F19*(G114/F114+G115/F115+G116/F116+G117/F117+G118/F118) -> 5.7119916e-14 | I124: =I122/I19*(J114/I114+J115/I115+J116/I116+J117/I117+J118/I118) -> 5.7119916e-14 | L124: =L122/L19*(M114/L114+M115/L115+M116/L116+M117/L117+M118/L118) -> 3.8079944e-14 | O124: =O122/O19*(P114/O114+P115/O115+P116/O116+P117/O117+P118/O118) -> 2.8559958e-14 | R124: =R122/R19*(S114/R114+S115/R115+S116/R116+S117/R117+S118/R118) -> 2.8559958e-14
A127: transport overseas | B127: trans | C127: transport | G127: share | J127: share | M127: share | P127: share | S127: share
B128: ERP | C128: Environmental Ressource Potential | D128: trans, freight, train, diesel | E128: tkm/a | F128: =VLOOKUP($D128,tbl_ERP[],7,0) -> 1.832508e+13 | G128: =INDEX(tbl_transport[],MATCH($D$128,tbl_transport[ERP identifier],0),MATCH(RP_SICUT!F$15,tbl_transport[#Headers],0)) -> 0 | I128: =VLOOKUP($D128,tbl_ERP[],7,0) -> 1.832508e+13 | J128: =INDEX(tbl_transport[],MATCH($D$128,tbl_transport[ERP identifier],0),MATCH(RP_SICUT!I$15,tbl_transport[#Headers],0)) -> 0 | L128: =VLOOKUP($D128,tbl_ERP[],7,0) -> 1.832508e+13 | M128: =INDEX(tbl_transport[],MATCH($D$128,tbl_transport[ERP identifier],0),MATCH(RP_SICUT!L$15,tbl_transport[#Headers],0)) -> 0 | O128: =VLOOKUP($D128,tbl_ERP[],7,0) -> 1.832508e+13 | P128: =INDEX(tbl_transport[],MATCH($D$128,tbl_transport[ERP identifier],0),MATCH(RP_SICUT!O$15,tbl_transport[#Headers],0)) -> 0 | R128: =VLOOKUP($D128,tbl_ERP[],7,0) -> 1.832508e+13 | S128: =INDEX(tbl_transport[],MATCH($D$128,tbl_transport[ERP identifier],0),MATCH(RP_SICUT!R$15,tbl_transport[#Headers],0)) -> 0
D129: trans, freight, train, electric | E129: tkm/a | F129: =VLOOKUP($D129,tbl_ERP[],7,0) -> 6.9650235e+13 | G129: =INDEX(tbl_transport[],MATCH($D$129,tbl_transport[ERP identifier],0),MATCH(RP_SICUT!F$15,tbl_transport[#Headers],0)) -> 0.5 | I129: =VLOOKUP($D129,tbl_ERP[],7,0) -> 6.9650235e+13 | J129: =INDEX(tbl_transport[],MATCH($D$129,tbl_transport[ERP identifier],0),MATCH(RP_SICUT!I$15,tbl_transport[#Headers],0)) -> 0.5 | L129: =VLOOKUP($D129,tbl_ERP[],7,0) -> 6.9650235e+13 | M129: =INDEX(tbl_transport[],MATCH($D$129,tbl_transport[ERP identifier],0),MATCH(RP_SICUT!L$15,tbl_transport[#Headers],0)) -> 0.5 | O129: =VLOOKUP($D129,tbl_ERP[],7,0) -> 6.9650235e+13 | P129: =INDEX(tbl_transport[],MATCH($D$129,tbl_transport[ERP identifier],0),MATCH(RP_SICUT!O$15,tbl_transport[#Headers],0)) -> 0.5 | R129: =VLOOKUP($D129,tbl_ERP[],7,0) -> 6.9650235e+13 | S129: =INDEX(tbl_transport[],MATCH($D$129,tbl_transport[ERP identifier],0),MATCH(RP_SICUT!R$15,tbl_transport[#Headers],0)) -> 0.5
D130: trans, lorry | E130: tkm/a | F130: =VLOOKUP($D130,tbl_ERP[],7,0) -> 3.4425655e+12 | G130: =INDEX(tbl_transport[],MATCH($D$130,tbl_transport[ERP identifier],0),MATCH(RP_SICUT!F$15,tbl_transport[#Headers],0)) -> 0 | I130: =VLOOKUP($D130,tbl_ERP[],7,0) -> 3.4425655e+12 | J130: =INDEX(tbl_transport[],MATCH($D$130,tbl_transport[ERP identifier],0),MATCH(RP_SICUT!I$15,tbl_transport[#Headers],0)) -> 0 | L130: =VLOOKUP($D130,tbl_ERP[],7,0) -> 3.4425655e+12 | M130: =INDEX(tbl_transport[],MATCH($D$130,tbl_transport[ERP identifier],0),MATCH(RP_SICUT!L$15,tbl_transport[#Headers],0)) -> 0 | O130: =VLOOKUP($D130,tbl_ERP[],7,0) -> 3.4425655e+12 | P130: =INDEX(tbl_transport[],MATCH($D$130,tbl_transport[ERP identifier],0),MATCH(RP_SICUT!O$15,tbl_transport[#Headers],0)) -> 0 | R130: =VLOOKUP($D130,tbl_ERP[],7,0) -> 3.4425655e+12 | S130: =INDEX(tbl_transport[],MATCH($D$130,tbl_transport[ERP identifier],0),MATCH(RP_SICUT!R$15,tbl_transport[#Headers],0)) -> 0
...
